NSE:ADANIENT,NSE:ADANIPORTS,NSE:APOLLOHOSP,NSE:ASIANPAINT,NSE:AXISBANK,NSE:BAJAJ-AUTO,NSE:BAJFINANCE,NSE:BAJAJFINSV,NSE:BPCL,NSE:BHARTIARTL,NSE:BRITANNIA,NSE:CIPLA,NSE:COALINDIA,NSE:DIVISLAB,NSE:DRREDDY,NSE:EICHERMOT,NSE:GRASIM,NSE:HCLTECH,NSE:HDFCBANK,NSE:HDFCLIFE,NSE:HEROMOTOCO,NSE:HINDALCO,NSE:HINDUNILVR,NSE:ICICIBANK,NSE:ITC,NSE:INDUSINDBK,NSE:INFY,NSE:JSWSTEEL,NSE:KOTAKBANK,NSE:LT,NSE:LTIM,NSE:M&M,NSE:MARUTI,NSE:NTPC,NSE:NESTLEIND,NSE:ONGC,NSE:POWERGRID,NSE:RELIANCE,NSE:SBILIFE,NSE:SBIN,NSE:SUNPHARMA,NSE:TCS,NSE:TATACONSUM,NSE:TATAMOTORS,NSE:TATASTEEL,NSE:TECHM,NSE:TITAN,NSE:UPL,NSE:ULTRACEMCO,NSE:WIPRO
-1.24%,0.34%,-2.67%,-1.10%,1.58%,0.62%,0.61%,2.58%,1.17%,-0.20%,3.36%,3.58%,-0.08%,2.85%,0.16%,0.76%,-0.19%,0.51%,1.37%,3.12%,1.64%,1.94%,2.65%,1.08%,2.93%,1.38%,-0.64%,2.32%,1.83%,-0.41%,-3.21%,1.14%,1.22%,-0.96%,0.42%,-0.46%,-0.93%,-0.44%,-0.55%,1.76%,2.95%,0.93%,8.45%,3.69%,1.19%,4.41%,-0.43%,-0.74%,-0.48%,0.50%
-1.56%,-2.08%,-5.00%,-0.56%,-0.47%,-0.82%,0.43%,-0.98%,2.01%,2.11%,-1.15%,-2.92%,3.78%,-1.76%,0.30%,1.02%,-0.52%,0.80%,-0.89%,8.43%,-0.60%,-1.41%,-0.76%,-0.61%,0.29%,-1.14%,4.68%,-1.32%,-1.15%,-0.72%,-2.66%,-0.31%,-1.54%,3.94%,-0.41%,-0.22%,-0.56%,0.06%,-1.29%,-0.79%,0.53%,-0.27%,-1.68%,-1.01%,-0.91%,1.06%,-0.99%,0.37%,-0.21%,-0.55%
-1.01%,-0.80%,-3.01%,0.44%,-1.36%,-0.51%,-1.38%,0.10%,1.94%,1.12%,0.02%,-1.38%,-1.46%,-1.63%,-1.45%,1.89%,-0.24%,0.56%,-0.75%,2.57%,-0.28%,-0.11%,2.12%,0.00%,0.66%,-0.46%,-9.56%,1.04%,-0.55%,-0.30%,-2.75%,0.22%,0.22%,-1.92%,0.01%,0.19%,1.60%,0.53%,0.32%,-0.77%,-3.71%,1.13%,1.99%,-1.27%,0.03%,1.05%,0.32%,-1.20%,2.07%,-0.08%
-4.23%,-2.65%,-1.59%,-0.49%,0.90%,-1.60%,-0.84%,-1.74%,-1.10%,-0.44%,-0.51%,-0.63%,-2.01%,-2.05%,-2.57%,0.39%,1.22%,-0.25%,-0.51%,-5.15%,-0.37%,-2.24%,-0.89%,0.12%,-0.09%,-0.31%,-5.40%,-1.41%,-1.42%,-0.31%,-3.44%,0.63%,-1.28%,-0.81%,-0.51%,-2.33%,-1.19%,-0.70%,0.27%,-1.45%,-2.04%,0.60%,0.90%,-1.59%,-0.65%,0.52%,-1.28%,-4.05%,-0.16%,-0.14%
-1.12%,-0.08%,4.49%,-0.44%,0.89%,-0.94%,-0.46%,0.34%,2.53%,0.70%,-0.73%,-0.45%,0.88%,1.13%,2.75%,-2.08%,0.25%,0.21%,0.22%,-1.11%,-2.11%,1.78%,0.68%,0.15%,0.46%,0.63%,0.23%,-0.75%,0.13%,-0.83%,-1.61%,-0.29%,-0.08%,-2.50%,-0.23%,1.46%,-0.36%,-0.28%,0.19%,-0.27%,2.15%,-1.24%,-3.21%,-0.20%,-0.32%,1.91%,-0.06%,-1.75%,-0.81%,0.89%
3.53%,2.49%,-0.54%,1.05%,0.69%,0.51%,5.73%,2.23%,-0.13%,2.32%,1.15%,-0.02%,0.23%,1.46%,2.36%,-1.06%,0.43%,0.47%,1.46%,2.60%,0.02%,0.87%,-0.95%,1.58%,-0.12%,2.13%,1.99%,3.36%,0.96%,0.58%,-0.30%,-0.03%,1.03%,1.52%,0.03%,0.16%,0.11%,1.41%,-1.44%,1.86%,-0.27%,-0.33%,3.53%,1.70%,2.42%,-2.08%,-1.24%,2.20%,-0.60%,-0.09%
-0.82%,-1.29%,-0.86%,-0.50%,0.84%,-0.95%,-1.08%,2.90%,-0.29%,0.24%,-0.78%,2.66%,0.08%,5.48%,2.82%,0.33%,1.38%,-1.42%,-0.56%,0.49%,-0.16%,0.91%,-0.71%,-0.30%,-0.39%,0.41%,2.17%,2.63%,-0.82%,0.67%,2.90%,0.07%,0.53%,-0.74%,-0.05%,-0.16%,0.54%,-0.89%,-0.32%,0.47%,2.94%,0.29%,-1.17%,1.11%,0.69%,-0.58%,-0.12%,2.33%,-0.30%,-0.21%
9.21%,1.96%,0.87%,1.79%,0.74%,0.49%,3.97%,1.30%,-0.04%,0.34%,-0.61%,0.01%,0.95%,3.19%,-1.86%,1.75%,0.75%,0.02%,-0.01%,-1.15%,1.97%,0.24%,1.70%,1.07%,0.36%,-0.43%,3.16%,-0.63%,0.41%,0.64%,-2.52%,-0.15%,-0.44%,2.55%,6.75%,0.72%,-1.74%,-0.10%,0.29%,-0.34%,2.11%,-0.37%,-0.49%,-1.26%,-0.49%,0.01%,0.90%,0.72%,1.13%,0.45%
-0.21%,-1.08%,-1.43%,-0.36%,-1.37%,-0.56%,-3.09%,-2.42%,-0.77%,-1.45%,-0.37%,-0.91%,-2.20%,-1.07%,-0.36%,-1.37%,-0.89%,-1.74%,-0.91%,-1.67%,-0.34%,-2.68%,-0.77%,-0.47%,-0.78%,-1.04%,-1.44%,0.98%,-1.19%,-0.78%,0.12%,0.28%,-0.76%,-2.83%,-1.31%,-2.09%,-0.83%,-2.20%,-2.84%,-0.84%,-2.31%,-0.66%,-1.53%,-0.84%,-0.89%,0.94%,-1.93%,0.13%,-1.32%,0.01%
7.73%,1.68%,1.43%,0.14%,0.06%,0.88%,0.83%,0.86%,3.34%,0.21%,1.65%,-0.45%,1.49%,2.20%,-0.15%,0.40%,3.55%,-0.39%,1.28%,0.34%,1.07%,3.98%,1.16%,0.27%,0.62%,0.76%,-0.09%,4.92%,0.72%,0.85%,0.84%,-1.37%,0.48%,-0.26%,1.11%,0.73%,0.14%,2.09%,0.44%,-0.14%,0.51%,0.55%,3.52%,0.64%,1.35%,-1.39%,1.86%,-0.04%,2.07%,0.16%
3.43%,0.82%,-0.91%,1.32%,-0.70%,2.32%,-0.34%,0.24%,1.55%,-0.30%,-0.25%,0.98%,-1.82%,-0.88%,-0.88%,1.51%,1.89%,1.90%,0.45%,-2.67%,0.18%,0.70%,1.28%,-0.75%,0.09%,0.06%,-1.26%,-1.80%,0.48%,-0.29%,-0.24%,-0.98%,1.89%,0.48%,1.25%,-0.92%,1.69%,1.94%,-0.69%,0.42%,-0.64%,0.47%,0.48%,-0.52%,-0.10%,0.56%,0.90%,-1.41%,-0.32%,2.72%
3.06%,0.50%,0.73%,4.05%,1.44%,3.62%,1.01%,-0.14%,1.59%,-1.20%,0.31%,-0.61%,0.53%,2.23%,9.73%,1.02%,-2.05%,0.05%,-0.50%,-0.12%,1.35%,2.42%,-0.30%,0.08%,0.48%,2.14%,0.55%,0.88%,1.70%,0.26%,1.42%,0.21%,1.45%,-0.30%,-1.49%,1.91%,-1.26%,0.98%,0.84%,0.04%,1.05%,-1.60%,-0.20%,3.80%,2.06%,-1.11%,-0.58%,0.56%,-0.02%,-0.89%
-4.25%,-2.54%,1.94%,-1.55%,-1.14%,-0.04%,0.08%,-2.15%,-1.16%,-1.46%,-0.57%,-1.18%,3.29%,-0.40%,-1.01%,-0.06%,-0.03%,-0.60%,-0.94%,1.66%,-1.73%,-0.53%,-1.56%,-0.40%,-0.18%,-1.35%,-2.15%,-0.72%,-1.46%,-0.75%,-1.03%,-1.43%,0.12%,0.00%,-2.15%,1.16%,0.51%,0.20%,-1.22%,-0.04%,2.98%,-0.01%,-2.18%,-1.91%,-0.71%,-1.72%,-0.20%,-1.88%,0.02%,0.29%
1.76%,1.42%,-0.80%,0.78%,0.33%,1.22%,-0.39%,0.35%,1.52%,-2.38%,0.97%,-0.37%,2.98%,2.10%,0.64%,0.57%,0.81%,-0.08%,0.25%,5.27%,-0.21%,-0.23%,0.67%,0.17%,-0.09%,0.92%,0.19%,0.57%,1.05%,-0.35%,-2.56%,-0.27%,-0.05%,0.74%,2.37%,0.62%,-0.65%,1.19%,0.01%,-0.43%,-1.77%,1.15%,1.76%,1.24%,0.86%,2.82%,4.34%,0.36%,2.44%,-0.02%
-1.73%,-1.35%,-0.42%,-0.02%,-2.10%,-1.02%,3.60%,1.12%,-0.81%,-0.98%,-0.30%,-0.23%,0.77%,-3.48%,-0.55%,0.46%,0.53%,-1.03%,0.26%,0.40%,-0.50%,1.61%,0.10%,-0.76%,-2.53%,0.00%,-0.70%,2.67%,0.78%,-0.80%,1.93%,-0.61%,0.38%,0.27%,-0.77%,-0.31%,-0.88%,0.78%,0.61%,-0.83%,-3.58%,-1.25%,4.70%,-1.40%,0.14%,-0.76%,0.31%,0.49%,1.28%,-0.02%
-0.31%,0.69%,0.60%,-0.61%,0.76%,1.54%,5.61%,3.07%,-2.02%,-1.29%,0.31%,-0.73%,-0.98%,-0.35%,1.28%,2.43%,2.18%,0.97%,0.38%,-2.18%,0.82%,1.69%,0.19%,-0.91%,-1.92%,1.13%,0.02%,0.38%,-0.27%,1.03%,0.95%,1.78%,0.92%,0.08%,2.28%,0.00%,0.75%,-0.56%,-0.46%,-0.02%,1.31%,0.28%,-0.10%,-1.19%,-0.03%,0.34%,-0.59%,0.05%,-0.82%,0.59%
-2.15%,-0.46%,-1.07%,0.44%,-0.52%,-1.69%,-3.67%,-0.52%,-2.05%,1.56%,0.64%,-0.40%,0.67%,1.57%,-2.81%,-0.74%,-0.20%,0.02%,1.19%,0.79%,-0.67%,-0.16%,-0.10%,-0.22%,0.72%,-0.47%,-1.28%,-0.25%,1.41%,3.83%,-1.33%,-3.33%,0.65%,-1.38%,0.96%,-0.28%,-1.29%,-0.14%,-0.70%,-0.88%,-1.89%,0.43%,0.56%,-0.82%,0.39%,1.11%,-0.57%,-1.26%,0.68%,0.52%
2.39%,-0.14%,0.24%,2.83%,-0.02%,0.49%,1.55%,2.48%,-0.21%,-0.14%,0.21%,0.34%,0.80%,1.74%,-0.14%,-0.37%,1.91%,0.14%,2.00%,-0.78%,-0.29%,0.20%,1.02%,-0.41%,0.46%,5.62%,-0.63%,0.93%,-0.10%,3.88%,2.04%,-1.17%,2.15%,1.67%,1.30%,0.74%,1.18%,0.12%,-1.09%,-0.31%,-0.83%,-0.65%,1.14%,0.07%,1.11%,2.48%,-0.07%,-0.25%,0.73%,0.21%
2.53%,0.96%,-0.10%,1.48%,0.53%,0.21%,-1.36%,-0.95%,4.22%,0.56%,0.46%,1.20%,0.19%,11.88%,0.29%,0.50%,2.02%,0.39%,0.65%,0.92%,-0.65%,0.36%,2.45%,0.14%,1.48%,-2.76%,0.61%,1.43%,1.52%,1.02%,-1.24%,1.61%,0.15%,-0.12%,1.28%,-0.46%,-0.14%,0.71%,1.08%,0.92%,3.41%,1.39%,1.34%,3.45%,3.06%,-0.02%,0.78%,0.31%,1.09%,-1.01%
-2.39%,0.24%,-2.24%,-0.11%,0.56%,-0.03%,0.67%,0.78%,-6.30%,-0.88%,0.30%,-1.09%,-0.47%,2.88%,2.38%,-1.33%,-2.23%,0.84%,0.36%,-0.75%,-0.65%,-1.18%,0.09%,0.27%,-2.22%,0.16%,-0.03%,-2.06%,-0.16%,-0.56%,-0.99%,0.51%,-0.39%,-0.82%,-2.02%,-0.77%,-0.73%,3.07%,-2.27%,-0.02%,4.13%,0.03%,-2.24%,0.36%,-0.46%,-0.14%,-1.19%,-0.36%,-0.84%,-0.74%
0.88%,3.36%,-0.65%,-0.71%,4.10%,-0.22%,0.14%,-0.75%,0.06%,-0.69%,0.25%,2.08%,-0.51%,5.05%,1.62%,-0.50%,0.29%,1.09%,-0.13%,-1.04%,-0.06%,-0.32%,-0.25%,0.58%,0.18%,-0.92%,0.98%,0.59%,-1.23%,-0.75%,0.63%,-1.27%,-0.64%,-0.18%,-0.07%,-1.06%,0.10%,-0.61%,-0.66%,0.29%,4.23%,-0.09%,2.29%,3.79%,-0.29%,0.14%,0.52%,1.17%,0.71%,-4.21%
-0.95%,0.51%,-0.19%,-0.04%,-0.69%,3.32%,-0.37%,-0.11%,-0.65%,-0.73%,0.38%,-0.80%,1.86%,-0.19%,-1.87%,-0.18%,0.56%,0.71%,0.52%,-0.68%,-0.08%,0.24%,-0.15%,-0.72%,-0.99%,-1.70%,1.78%,0.70%,-0.25%,-0.15%,-1.64%,0.27%,0.37%,-0.77%,1.59%,4.64%,-0.68%,-0.24%,-0.08%,-0.98%,-0.07%,0.77%,-0.71%,-0.66%,0.19%,0.66%,-0.22%,0.82%,-0.08%,0.81%
0.15%,-0.11%,-0.07%,0.84%,1.63%,3.70%,0.47%,-0.85%,0.14%,0.16%,0.72%,1.66%,1.83%,-3.97%,1.40%,2.37%,-0.84%,1.16%,0.62%,0.07%,1.59%,0.69%,2.73%,0.48%,-0.85%,2.72%,0.09%,-1.87%,1.19%,2.11%,-0.41%,0.06%,0.72%,0.39%,-0.82%,-0.93%,1.34%,0.44%,2.26%,-0.41%,-0.62%,-0.28%,1.31%,0.80%,-0.90%,0.18%,2.21%,0.78%,-0.04%,1.25%
0.11%,0.54%,-0.28%,-0.21%,-0.72%,-0.70%,0.01%,0.44%,1.80%,-0.46%,-0.42%,0.47%,-2.27%,3.52%,-0.02%,-1.11%,-0.72%,-0.41%,-0.58%,0.24%,-0.14%,-1.20%,-0.06%,0.56%,0.32%,0.05%,0.35%,-0.34%,1.70%,-0.97%,-1.47%,-0.02%,-0.32%,0.59%,-0.46%,0.42%,0.24%,-0.82%,-2.19%,-0.96%,-1.01%,-0.03%,1.36%,4.62%,0.53%,0.60%,-0.70%,0.18%,-0.59%,-0.02%
-1.22%,0.69%,0.86%,-1.28%,-0.25%,-0.80%,-0.36%,-0.86%,-2.49%,0.52%,-0.44%,-0.65%,-0.77%,9.22%,3.26%,0.12%,0.04%,-0.47%,-0.05%,-0.40%,-2.24%,-0.97%,-1.56%,-1.39%,1.38%,-1.15%,0.05%,-0.96%,-1.08%,0.82%,2.33%,-0.18%,-0.14%,-0.71%,-0.71%,1.08%,-1.37%,1.02%,-1.67%,0.84%,-2.00%,-0.19%,-1.16%,-2.09%,1.66%,0.26%,-1.68%,-0.65%,0.61%,0.92%
-1.31%,0.12%,-0.49%,-0.66%,-1.33%,-0.38%,0.77%,-2.08%,0.37%,0.82%,-0.53%,3.90%,-0.97%,5.10%,7.42%,-1.91%,-1.63%,-2.15%,-0.53%,0.53%,1.05%,0.18%,-0.21%,-1.93%,-0.74%,0.22%,-0.34%,-1.79%,0.58%,-0.64%,-1.48%,-0.08%,0.31%,0.24%,-0.79%,-1.07%,-0.63%,-0.68%,4.17%,-0.57%,2.80%,1.26%,-0.70%,-0.28%,-0.09%,2.53%,-1.94%,-1.28%,-1.04%,0.00%
-4.66%,-2.19%,-2.49%,-1.29%,-1.41%,-1.18%,-2.94%,-4.64%,-0.84%,-1.19%,-1.34%,-1.11%,-0.10%,-2.08%,-1.16%,-0.77%,-2.10%,1.63%,-0.82%,-0.45%,-2.70%,-5.58%,-1.39%,-2.75%,-0.41%,-1.30%,-1.24%,-2.97%,-0.70%,-3.52%,-0.14%,-0.33%,-0.94%,-1.31%,0.33%,-0.87%,-0.95%,-2.85%,2.83%,-2.48%,-1.12%,-0.84%,-5.21%,-0.45%,-4.81%,-0.40%,-2.63%,-1.57%,-4.00%,0.87%
-4.19%,-3.13%,-2.44%,-1.34%,-0.71%,0.05%,-3.60%,-2.31%,-0.99%,-1.41%,0.25%,-1.39%,1.28%,-1.81%,-1.65%,-1.90%,-3.03%,-1.18%,-1.33%,0.83%,-0.93%,-0.78%,0.64%,0.87%,-2.31%,-0.35%,-0.33%,-4.09%,-2.19%,-1.65%,1.20%,-2.11%,-1.28%,0.15%,-0.32%,0.21%,0.29%,0.51%,-1.71%,-1.18%,-1.54%,0.29%,-2.24%,-0.87%,-2.18%,-1.41%,-0.02%,-2.78%,-2.45%,-0.86%
1.67%,0.49%,0.14%,-1.92%,2.04%,0.03%,2.46%,1.17%,-3.67%,-0.62%,1.05%,0.31%,1.30%,0.78%,-1.92%,-0.49%,-0.90%,-0.05%,-0.41%,2.13%,0.85%,2.40%,-2.39%,1.16%,0.08%,-0.49%,1.18%,2.32%,-0.55%,-0.20%,0.26%,-1.02%,-0.94%,0.43%,-1.28%,4.00%,0.29%,-0.18%,-0.75%,-0.19%,0.33%,-1.44%,4.07%,0.75%,2.25%,-1.02%,-1.64%,-0.72%,0.33%,-0.57%
-3.67%,-4.61%,-0.51%,-1.19%,-1.10%,-0.45%,-1.81%,-1.92%,-0.78%,-0.36%,-0.56%,-1.54%,0.17%,-11.39%,-2.79%,-1.16%,-1.14%,0.11%,-0.88%,0.95%,-1.59%,-0.40%,-0.94%,-2.25%,-1.51%,-1.50%,-0.67%,-2.35%,-1.45%,-2.21%,-0.24%,-1.22%,-1.90%,-1.17%,0.67%,-0.70%,-1.24%,-2.55%,-1.61%,-3.04%,-2.54%,0.82%,-2.96%,-1.54%,-0.72%,0.58%,-0.38%,-1.12%,-2.97%,-0.67%
0.92%,-0.13%,-1.32%,-2.59%,1.09%,0.27%,2.00%,-0.54%,-0.59%,-1.01%,0.88%,2.20%,2.66%,0.27%,3.07%,-0.94%,0.90%,0.06%,1.06%,1.50%,0.34%,2.05%,-0.26%,-0.16%,1.18%,0.77%,-0.42%,0.95%,2.62%,-0.34%,-0.06%,-0.12%,2.03%,0.64%,0.50%,0.79%,0.41%,-1.59%,0.08%,0.86%,0.91%,-0.74%,2.29%,-0.86%,0.05%,1.00%,-2.43%,-0.49%,1.85%,-0.83%
0.87%,1.26%,1.27%,0.15%,-0.52%,2.30%,-0.26%,2.19%,1.83%,1.94%,0.11%,0.59%,1.14%,0.32%,-1.96%,3.41%,0.56%,-0.05%,0.58%,-2.49%,0.92%,0.90%,-2.40%,0.24%,-1.24%,0.09%,0.44%,4.00%,-0.30%,0.77%,-0.01%,1.93%,1.02%,0.84%,1.11%,-0.35%,0.96%,-0.70%,1.48%,0.51%,0.81%,-1.64%,1.30%,0.02%,0.44%,0.75%,1.55%,1.61%,-0.37%,-1.98%
-3.87%,1.84%,4.81%,1.51%,0.10%,1.70%,1.62%,3.32%,1.60%,-1.23%,-0.10%,-1.23%,0.42%,-0.02%,0.29%,-0.21%,2.22%,0.89%,0.18%,3.46%,0.84%,0.42%,1.06%,0.65%,1.20%,0.64%,0.41%,0.60%,0.43%,-0.63%,-0.82%,0.80%,-1.13%,0.57%,1.29%,-0.18%,-2.30%,2.23%,0.29%,-1.00%,-0.12%,0.51%,0.32%,3.61%,1.27%,1.19%,2.65%,2.25%,1.06%,0.96%
3.13%,1.03%,-0.39%,0.46%,-0.73%,0.36%,-0.28%,-0.96%,1.52%,-1.95%,0.04%,0.37%,-0.74%,1.89%,2.23%,-0.84%,-0.78%,0.46%,-0.66%,2.01%,-0.30%,0.12%,0.94%,-0.83%,2.30%,0.28%,-0.44%,-0.68%,2.28%,0.30%,0.69%,1.93%,-0.52%,-0.21%,0.29%,0.85%,1.41%,2.57%,3.93%,0.76%,3.03%,-0.25%,-0.73%,1.81%,-0.27%,0.38%,0.14%,-0.99%,-0.58%,-0.07%
5.46%,-0.45%,2.98%,-0.07%,-0.94%,-1.35%,0.19%,-0.30%,-1.24%,0.15%,0.50%,0.74%,1.20%,-0.97%,0.06%,-0.31%,0.92%,0.74%,0.09%,3.71%,-1.04%,-0.48%,-0.82%,-1.56%,-0.80%,-0.52%,0.38%,0.32%,0.33%,-0.55%,2.36%,0.93%,-0.21%,1.81%,-0.95%,-0.52%,-1.96%,0.65%,0.83%,-0.63%,-0.79%,-0.52%,2.20%,-0.06%,0.30%,-3.03%,-0.86%,-0.44%,0.57%,0.30%
1.52%,0.87%,-1.58%,0.35%,0.43%,0.34%,3.08%,0.75%,1.98%,1.22%,-0.04%,0.01%,1.26%,0.14%,-0.56%,2.44%,-0.76%,1.65%,0.08%,3.17%,-1.37%,4.22%,1.65%,0.06%,0.34%,-0.37%,1.89%,3.47%,0.65%,0.86%,3.22%,0.17%,0.92%,2.90%,1.27%,1.55%,-0.10%,1.57%,-3.87%,2.05%,3.19%,0.70%,0.07%,0.37%,4.60%,1.31%,0.14%,1.11%,0.94%,1.06%
-3.36%,1.14%,-1.04%,0.11%,0.52%,-0.51%,0.92%,0.15%,-1.71%,-0.88%,-0.40%,0.03%,1.68%,1.73%,1.39%,1.06%,0.41%,-0.56%,-0.26%,-1.44%,-0.74%,-0.56%,1.07%,-0.07%,0.70%,1.01%,0.41%,-0.12%,1.01%,-0.07%,-1.75%,0.14%,-0.08%,-0.65%,-0.78%,-1.81%,-1.86%,-0.76%,-1.59%,0.04%,0.23%,0.30%,-0.62%,0.18%,0.83%,1.41%,3.28%,-0.07%,0.67%,0.07%
0.80%,0.80%,3.41%,0.38%,1.70%,0.30%,0.49%,0.52%,0.22%,1.49%,0.09%,0.79%,1.53%,0.75%,0.10%,-1.03%,-0.22%,-0.35%,0.40%,4.07%,0.51%,1.02%,-0.91%,-0.72%,-0.67%,1.51%,1.25%,0.99%,0.54%,0.15%,-0.71%,0.02%,-0.04%,0.34%,-0.09%,-0.21%,1.89%,1.51%,-0.31%,0.04%,-0.79%,0.21%,0.07%,-0.47%,-0.92%,0.65%,-0.05%,3.37%,0.34%,0.07%
-1.08%,0.03%,-1.08%,-0.21%,0.23%,0.29%,-1.40%,-0.61%,1.46%,4.93%,0.63%,-0.68%,-0.95%,-3.01%,-1.63%,-0.96%,-0.35%,1.04%,-0.70%,2.07%,-0.15%,-1.01%,0.73%,-0.82%,-0.30%,-0.46%,-0.51%,-1.35%,-1.12%,-0.77%,1.13%,1.10%,-0.87%,-0.37%,0.01%,-0.70%,-0.93%,-0.36%,-0.04%,-2.02%,-0.22%,1.67%,0.46%,-1.91%,-1.23%,0.20%,-0.85%,-0.78%,-0.49%,1.27%
0.97%,1.70%,-0.26%,-0.16%,1.81%,0.38%,1.54%,1.72%,0.46%,-0.82%,3.85%,0.60%,-0.19%,2.83%,0.32%,0.30%,-1.20%,0.77%,1.60%,4.15%,1.67%,5.99%,1.88%,-0.02%,0.60%,1.50%,-0.37%,-0.12%,1.32%,0.86%,-1.81%,1.42%,1.01%,1.06%,1.26%,0.33%,-0.27%,3.88%,0.42%,-0.22%,2.57%,1.91%,1.24%,1.12%,1.35%,1.49%,2.10%,-0.49%,-0.79%,0.96%
-0.21%,1.11%,0.18%,1.33%,0.83%,0.16%,-0.01%,-0.31%,-0.59%,7.66%,0.83%,0.54%,1.72%,-1.26%,-1.07%,0.20%,0.98%,1.15%,1.76%,1.64%,0.34%,0.81%,0.61%,1.40%,-0.39%,0.42%,0.30%,-0.82%,2.34%,-0.44%,0.45%,-0.96%,-0.38%,-0.48%,-0.48%,-0.03%,1.66%,0.42%,-0.20%,0.36%,-0.90%,0.41%,-0.83%,1.11%,2.79%,0.40%,0.27%,-0.85%,2.17%,-0.53%
-2.04%,-0.34%,0.55%,-0.27%,-1.72%,2.02%,-3.42%,-0.39%,1.98%,5.20%,-0.92%,2.34%,1.20%,0.11%,2.08%,1.09%,-0.41%,-0.38%,0.34%,-0.88%,0.34%,1.80%,2.62%,1.09%,0.58%,-1.96%,0.96%,2.50%,0.01%,0.53%,4.55%,3.27%,-0.41%,-0.23%,-0.85%,1.41%,0.04%,0.04%,0.15%,-0.02%,2.48%,1.01%,-0.31%,2.88%,0.58%,-0.48%,0.37%,1.24%,-0.02%,-0.41%
0.60%,0.01%,-1.06%,2.23%,-1.38%,1.09%,-1.02%,0.05%,2.88%,2.79%,1.66%,4.18%,-0.22%,1.00%,-0.92%,0.39%,-0.70%,0.03%,-0.32%,1.39%,0.33%,1.88%,0.07%,-0.13%,-0.09%,-0.48%,-0.91%,-0.06%,-0.36%,0.35%,-1.86%,0.35%,-0.04%,0.25%,1.25%,-0.49%,-0.41%,-0.28%,0.89%,-0.36%,-0.14%,0.39%,0.33%,-1.09%,-0.34%,-0.17%,-0.27%,-0.79%,2.13%,-0.29%
3.81%,0.01%,-0.64%,-1.46%,-9.48%,-1.02%,0.07%,-0.78%,0.17%,-0.86%,1.53%,-3.34%,-0.02%,-0.58%,0.17%,-1.07%,1.07%,0.04%,0.93%,-0.73%,-0.95%,-0.43%,-1.42%,-3.92%,1.16%,0.04%,-0.66%,-0.58%,1.60%,-0.64%,2.08%,-0.20%,-0.70%,1.23%,-1.74%,1.90%,4.22%,4.59%,-0.40%,-2.95%,-1.28%,-0.31%,-1.66%,0.21%,-0.41%,-3.08%,-2.05%,-2.05%,0.07%,1.69%
1.63%,-2.31%,-0.32%,-0.26%,-1.33%,-0.71%,-1.57%,-1.22%,-0.72%,2.05%,-1.23%,-0.49%,-1.71%,-0.38%,-0.36%,-0.39%,-1.54%,0.03%,-1.26%,-2.35%,-0.62%,-0.71%,-0.71%,-2.13%,-0.37%,-1.46%,0.37%,-2.24%,-1.84%,-0.28%,-0.04%,0.46%,-1.16%,-1.83%,-0.23%,-1.32%,-1.41%,-1.15%,-0.46%,-0.64%,-1.43%,-0.12%,-1.43%,-2.04%,-0.93%,0.27%,-1.78%,0.33%,-1.44%,-0.90%
1.89%,2.40%,0.23%,-0.21%,-1.82%,0.43%,-0.30%,0.71%,0.27%,5.50%,0.59%,-2.48%,1.68%,-0.06%,-0.45%,-0.73%,4.70%,1.44%,0.99%,-2.48%,1.64%,-0.53%,-0.40%,1.94%,-0.85%,0.72%,1.27%,2.95%,-1.32%,-0.22%,2.62%,-0.71%,1.62%,1.23%,-0.18%,-0.26%,1.43%,3.96%,1.68%,1.55%,1.48%,0.17%,-0.37%,-0.38%,1.28%,0.74%,0.34%,-1.72%,4.26%,1.64%
-0.51%,-0.21%,-0.48%,4.15%,0.44%,-0.24%,-0.42%,-0.65%,-0.32%,0.95%,-0.63%,0.36%,-0.05%,-0.42%,-0.11%,1.00%,-0.10%,-2.42%,0.20%,-0.72%,-0.95%,-1.12%,1.61%,1.52%,-0.02%,-1.80%,-1.38%,-0.36%,0.39%,0.60%,-0.40%,-1.20%,0.72%,2.66%,0.31%,2.50%,0.71%,-0.59%,2.79%,3.46%,-1.08%,-0.37%,3.23%,-1.58%,1.02%,-1.79%,0.33%,2.67%,0.52%,-0.04%
1.11%,2.28%,-2.19%,-1.73%,4.66%,0.69%,-5.46%,-4.87%,0.03%,2.73%,0.40%,-0.40%,-0.19%,0.09%,-0.63%,0.74%,2.62%,-0.82%,-3.86%,-1.48%,0.38%,-0.78%,0.19%,14.69%,0.84%,-4.35%,0.95%,0.08%,-5.18%,5.40%,-0.09%,1.04%,-0.06%,0.93%,-1.18%,0.48%,0.49%,0.60%,-1.60%,26.92%,-2.11%,-0.72%,-2.07%,1.42%,-0.23%,2.92%,-2.52%,-0.06%,5.52%,0.71%
2.58%,-0.28%,-1.07%,-0.88%,2.39%,1.58%,1.18%,-0.30%,5.23%,-0.86%,-0.85%,3.18%,1.45%,-1.37%,-0.19%,-0.31%,-1.51%,-4.19%,0.01%,-0.70%,-0.50%,2.31%,0.10%,-2.11%,-0.32%,1.58%,1.29%,0.12%,0.83%,1.60%,-1.50%,0.61%,2.51%,0.71%,-0.12%,0.28%,-1.90%,0.80%,0.19%,-0.76%,1.32%,-0.82%,2.19%,-0.60%,1.62%,1.95%,-1.03%,1.80%,0.53%,1.14%
-0.80%,4.28%,0.34%,-0.55%,0.34%,0.51%,4.14%,1.04%,-1.58%,-5.09%,-0.16%,2.22%,-1.43%,1.46%,2.16%,0.61%,-0.57%,-1.62%,-0.24%,-5.28%,0.95%,-1.04%,-1.06%,0.63%,0.35%,0.60%,-0.11%,2.06%,0.99%,0.09%,0.34%,1.07%,0.58%,-1.46%,0.36%,3.75%,-0.12%,-1.85%,-0.10%,-2.95%,3.73%,1.79%,5.10%,2.50%,-0.33%,-0.18%,0.92%,2.25%,-0.98%,-1.77%
3.27%,-0.52%,0.49%,-0.17%,-0.40%,-0.54%,-0.81%,-0.78%,1.57%,1.57%,3.23%,0.16%,-0.09%,0.21%,1.82%,1.76%,0.99%,-2.18%,1.34%,1.22%,1.22%,1.17%,-2.06%,-0.20%,-1.56%,-0.41%,-0.24%,-0.55%,-0.01%,1.00%,2.29%,-0.93%,1.00%,0.36%,0.68%,1.41%,0.31%,1.36%,0.67%,0.31%,0.58%,1.23%,2.86%,1.55%,-1.18%,1.92%,4.79%,-0.83%,0.73%,-1.24%
-1.42%,0.13%,0.68%,-0.14%,8.09%,-0.76%,-0.21%,0.31%,1.00%,0.87%,-2.24%,0.25%,-0.85%,1.10%,-0.42%,-0.43%,2.39%,2.32%,-0.36%,4.98%,0.44%,-2.12%,0.26%,-0.15%,0.21%,0.39%,-2.36%,-2.05%,-0.37%,-1.18%,4.33%,-2.18%,0.20%,-0.74%,0.27%,2.41%,-0.26%,-0.17%,1.34%,-1.99%,-0.04%,0.30%,0.07%,-1.87%,-2.00%,-0.72%,2.74%,-3.04%,-1.59%,0.27%
0.60%,0.64%,-0.45%,-0.41%,2.28%,-0.53%,0.34%,0.24%,-0.33%,8.43%,1.24%,-0.14%,0.03%,4.66%,-3.05%,-4.04%,1.65%,-1.77%,0.70%,-1.31%,-0.79%,2.95%,1.66%,4.43%,1.56%,0.95%,0.56%,2.44%,-0.07%,-0.57%,-1.81%,0.44%,0.33%,-0.27%,1.09%,-0.05%,-0.71%,1.24%,0.46%,4.59%,-0.76%,-0.81%,0.37%,2.18%,0.49%,1.34%,0.35%,-2.16%,0.57%,-0.17%
0.19%,0.96%,-0.10%,0.21%,-0.55%,0.04%,0.19%,-0.81%,0.57%,0.76%,-0.82%,1.48%,1.62%,16.16%,2.43%,0.68%,3.70%,2.05%,0.05%,-0.16%,-2.19%,-1.63%,-1.31%,1.04%,-1.56%,-0.92%,-0.45%,0.55%,-0.47%,-0.36%,0.59%,-1.14%,-0.15%,-0.28%,-0.41%,-1.57%,2.31%,-0.63%,0.74%,-1.72%,2.69%,0.90%,-0.64%,-0.65%,-0.16%,-4.21%,2.78%,-0.35%,-0.61%,-0.10%
5.36%,-0.55%,-0.98%,-0.50%,1.49%,-0.73%,1.48%,1.01%,-1.80%,-0.36%,-0.01%,0.64%,-1.60%,-2.16%,0.32%,0.30%,-0.43%,-1.25%,0.47%,-0.66%,-1.25%,-0.70%,-0.16%,-0.24%,-0.09%,2.89%,0.41%,0.15%,-0.40%,1.99%,-0.16%,-0.34%,-0.08%,0.95%,1.72%,2.05%,-2.40%,-0.14%,-0.02%,3.39%,-2.17%,-0.23%,-0.46%,2.94%,0.39%,-0.96%,0.70%,-0.47%,-0.55%,0.44%
6.55%,0.62%,-1.02%,-0.86%,-1.04%,-0.24%,-0.81%,-0.46%,-1.67%,-1.61%,-0.32%,2.30%,-0.07%,-0.07%,-1.11%,-0.47%,-0.10%,-0.25%,-0.11%,-1.22%,-0.01%,1.51%,0.09%,0.06%,-0.19%,-1.58%,0.22%,0.53%,-0.57%,-0.83%,-1.51%,2.66%,1.10%,-1.48%,2.44%,3.86%,0.31%,-1.35%,0.67%,1.23%,-1.82%,1.74%,4.17%,3.40%,-0.30%,-0.65%,18.79%,-1.77%,1.20%,1.80%
-0.90%,-1.37%,-0.91%,-1.80%,-1.38%,-1.50%,-1.07%,-0.57%,-0.53%,-3.42%,0.13%,-7.22%,-0.59%,-3.06%,-0.60%,0.23%,-2.37%,3.75%,-0.27%,1.86%,-0.20%,-2.22%,-0.52%,-1.15%,0.15%,0.38%,2.89%,-1.47%,0.35%,-1.11%,1.01%,-0.91%,-1.08%,-0.48%,1.33%,-2.74%,-1.45%,-2.77%,0.15%,-3.59%,-2.51%,1.67%,-4.13%,-2.39%,-1.92%,2.18%,-3.82%,-2.90%,-1.23%,0.80%
2.12%,-0.43%,-1.40%,2.69%,3.36%,0.87%,-1.49%,0.84%,-0.23%,-3.70%,0.10%,2.48%,1.19%,-0.04%,-1.32%,0.11%,-0.20%,0.21%,0.12%,-0.44%,-1.60%,-1.44%,0.09%,-2.22%,0.04%,1.22%,-0.33%,-0.61%,-0.19%,0.59%,0.00%,0.98%,0.14%,-1.15%,1.73%,-0.64%,0.24%,-2.09%,-0.16%,-2.41%,1.93%,0.92%,-0.22%,-3.02%,-0.02%,4.12%,-1.39%,-0.52%,-0.07%,0.05%
1.91%,0.86%,0.68%,2.00%,-0.82%,0.34%,-1.28%,-0.32%,0.37%,1.81%,2.24%,-1.29%,-1.67%,-0.70%,1.00%,-1.10%,-2.09%,-0.30%,0.10%,0.50%,-0.68%,0.10%,1.42%,1.90%,-2.02%,-0.46%,0.23%,0.59%,-0.60%,-0.19%,-1.62%,-0.42%,-0.33%,0.97%,-0.38%,-1.53%,-0.07%,1.43%,-0.18%,1.34%,-0.73%,0.05%,7.10%,0.45%,1.48%,0.07%,4.65%,1.17%,-0.17%,0.04%
1.30%,-0.31%,0.46%,-1.42%,0.81%,1.67%,-0.46%,0.41%,-1.92%,-0.16%,2.42%,-0.85%,0.39%,0.69%,-0.94%,-0.98%,1.53%,-1.02%,-0.32%,-2.23%,0.20%,0.28%,3.01%,2.31%,0.63%,-0.39%,0.79%,2.58%,-1.19%,4.03%,-1.11%,2.33%,-0.26%,-0.84%,-0.18%,0.79%,1.61%,-1.85%,-0.22%,6.33%,-1.13%,-1.01%,-1.79%,-4.00%,-0.16%,0.15%,0.53%,-1.27%,2.01%,0.05%
-2.30%,-4.33%,-0.36%,-0.31%,-1.37%,-0.93%,-0.93%,-0.58%,-2.25%,-1.08%,0.19%,-1.18%,-3.31%,-1.57%,-0.16%,0.11%,-1.69%,0.28%,-0.46%,0.02%,-0.70%,-1.19%,-0.86%,-1.33%,-1.30%,-0.07%,-1.05%,-2.57%,0.13%,-1.93%,0.46%,1.31%,-0.91%,0.22%,-0.84%,-3.61%,-0.16%,-0.97%,-0.51%,-0.75%,0.89%,1.85%,-0.74%,-1.05%,-1.60%,-0.18%,-2.17%,0.62%,-2.30%,-1.34%
1.67%,-0.63%,-1.07%,-1.69%,1.54%,1.35%,1.51%,0.32%,-1.51%,0.03%,-1.92%,0.06%,-0.29%,2.36%,-1.02%,-1.62%,-1.50%,0.03%,-0.62%,-0.13%,2.10%,0.04%,0.34%,-0.05%,-0.68%,-1.30%,-0.30%,1.02%,0.45%,-2.45%,-0.81%,1.30%,0.17%,0.05%,-1.03%,-1.19%,-1.92%,1.31%,0.60%,-0.59%,-1.22%,-1.61%,5.25%,-0.91%,-0.80%,-0.45%,1.20%,0.42%,0.29%,-0.03%
-5.34%,-0.89%,1.20%,2.29%,-0.67%,-1.64%,-2.34%,-2.23%,2.36%,-2.29%,-0.81%,-1.46%,-0.66%,-0.82%,-0.44%,1.31%,-2.31%,-2.46%,-0.12%,1.03%,0.45%,-3.51%,-1.47%,0.45%,-1.27%,-2.46%,0.28%,-4.16%,1.23%,-0.06%,0.10%,-1.00%,0.05%,-1.61%,1.05%,-2.45%,0.03%,-0.34%,-2.06%,-1.26%,-4.07%,-0.34%,1.70%,-1.36%,-1.13%,1.77%,-0.42%,-2.87%,-1.25%,-0.67%
-1.56%,-2.43%,2.44%,-0.17%,0.11%,-0.13%,2.94%,1.67%,-1.06%,0.65%,-0.27%,-0.13%,-1.47%,-0.96%,1.01%,-0.28%,-1.59%,0.42%,0.41%,-0.32%,-0.40%,1.13%,0.91%,1.09%,0.71%,0.41%,3.85%,1.25%,0.59%,0.81%,2.35%,-0.09%,0.45%,1.29%,-1.01%,0.90%,0.63%,2.28%,0.79%,2.60%,0.77%,1.53%,0.42%,1.17%,1.27%,0.67%,-0.36%,1.37%,-0.78%,0.39%
8.19%,0.94%,3.21%,-0.70%,-0.04%,-0.06%,1.31%,2.91%,0.93%,0.73%,0.28%,2.65%,1.66%,1.46%,-0.47%,1.01%,1.45%,-1.40%,0.99%,3.48%,-0.71%,1.63%,0.13%,1.93%,1.14%,1.75%,-1.76%,3.07%,0.57%,0.29%,-0.82%,0.20%,2.26%,0.63%,0.62%,-0.87%,0.15%,0.89%,1.61%,1.23%,1.68%,-1.43%,3.16%,2.02%,2.17%,-3.07%,2.34%,-0.98%,-0.14%,-0.84%
2.43%,-0.59%,0.45%,-0.42%,0.51%,1.10%,1.00%,0.85%,0.09%,-0.17%,0.28%,-0.71%,2.03%,2.64%,-2.07%,-0.22%,0.47%,0.26%,0.69%,0.27%,0.76%,1.00%,-0.29%,-2.01%,0.47%,1.07%,-1.07%,-0.24%,1.70%,0.57%,-0.91%,-0.62%,0.93%,1.64%,0.45%,1.35%,0.09%,0.98%,0.05%,-1.33%,0.01%,-0.14%,5.77%,0.28%,0.13%,-1.60%,-0.30%,0.65%,-2.01%,-0.27%
-4.33%,0.55%,4.55%,-0.52%,0.30%,1.80%,0.25%,0.63%,1.40%,2.15%,1.13%,1.96%,-1.63%,-0.52%,5.26%,-0.72%,-1.17%,-0.53%,0.44%,4.00%,0.55%,0.00%,0.22%,0.42%,-1.31%,-0.04%,0.59%,1.09%,-1.03%,-0.58%,-2.07%,0.57%,-0.01%,1.38%,0.25%,0.50%,-1.06%,1.27%,0.31%,-0.71%,4.04%,-1.13%,-0.64%,0.30%,1.32%,3.58%,4.02%,3.51%,-0.43%,-0.12%
2.83%,3.42%,3.76%,1.21%,-1.15%,0.39%,-1.98%,-0.57%,-0.74%,-0.82%,-0.87%,0.51%,-0.73%,-1.64%,-1.40%,-0.80%,2.19%,0.53%,0.49%,-0.12%,-0.47%,-1.42%,-0.54%,-0.31%,0.92%,-1.29%,0.00%,-0.11%,-0.35%,0.00%,-0.52%,0.95%,1.05%,-0.60%,-1.78%,0.22%,0.22%,-0.19%,1.86%,1.41%,-0.52%,0.29%,0.33%,1.03%,-0.04%,-2.28%,-0.28%,-0.98%,1.61%,0.10%
-3.36%,-1.79%,-0.87%,-1.25%,0.68%,-1.47%,-0.58%,-0.83%,-0.50%,-0.55%,0.15%,-0.27%,-0.50%,1.27%,-2.30%,1.46%,1.28%,1.37%,-0.67%,0.15%,0.44%,-0.97%,-0.23%,0.17%,0.00%,0.98%,2.58%,-0.63%,-0.40%,-0.55%,-1.06%,-0.76%,-0.58%,-0.80%,-0.02%,0.22%,0.96%,1.75%,-0.79%,-0.10%,1.77%,0.02%,0.27%,-0.55%,0.22%,1.45%,-0.89%,0.28%,-1.07%,-0.26%
0.49%,-0.61%,0.50%,0.00%,0.25%,0.72%,1.49%,0.53%,1.16%,0.09%,-0.84%,-0.31%,0.39%,0.80%,-0.49%,0.63%,-0.65%,0.55%,0.46%,-1.66%,-0.66%,-1.41%,-0.12%,-0.70%,1.01%,2.01%,1.85%,-0.62%,0.81%,0.21%,0.56%,1.09%,0.29%,-0.05%,-1.35%,-0.39%,1.03%,0.43%,-1.10%,-0.76%,0.87%,0.25%,1.42%,-0.18%,-0.59%,0.92%,2.90%,-0.69%,1.34%,-0.29%
-1.31%,-1.26%,-1.15%,-0.27%,2.55%,-0.51%,-0.94%,-0.17%,-0.50%,0.24%,1.16%,-0.15%,0.06%,-0.50%,-0.01%,-0.18%,-0.57%,0.27%,0.33%,-2.22%,0.27%,-0.79%,-0.45%,-0.06%,-0.58%,-0.94%,-1.07%,-2.38%,0.59%,0.51%,-0.85%,-0.22%,0.24%,3.35%,-0.11%,1.69%,-0.50%,0.03%,-0.29%,0.98%,0.37%,-0.08%,-0.45%,-0.96%,-0.83%,0.94%,0.40%,1.51%,0.72%,0.72%
-1.59%,-0.64%,-2.01%,1.25%,0.56%,0.54%,-0.39%,1.71%,-0.17%,-1.21%,-0.05%,-0.49%,0.99%,-0.77%,-0.17%,-0.71%,-1.60%,-0.17%,0.42%,0.43%,0.29%,0.40%,0.60%,-1.20%,-0.87%,1.06%,-1.41%,-1.26%,-0.64%,-1.07%,2.66%,0.28%,1.36%,-1.91%,0.05%,-1.52%,-0.85%,-0.84%,2.14%,-1.09%,-1.52%,-0.02%,3.71%,-1.29%,0.18%,0.19%,-1.74%,0.85%,0.09%,0.02%
-0.94%,1.64%,-0.28%,-1.46%,-2.32%,0.81%,-0.57%,1.25%,0.04%,0.76%,0.34%,-0.64%,0.71%,1.37%,-0.62%,-1.04%,0.59%,-0.71%,0.43%,-1.23%,-0.47%,-1.50%,0.65%,0.53%,0.41%,-0.36%,-0.20%,-0.16%,-0.35%,0.51%,0.09%,-0.11%,0.55%,-0.43%,0.17%,0.66%,0.19%,0.28%,-2.22%,-0.93%,0.73%,-1.01%,-2.62%,-0.48%,0.78%,-0.63%,0.00%,-1.23%,0.28%,1.29%
-0.58%,-1.35%,0.02%,-0.62%,-2.57%,-0.31%,-1.67%,-1.72%,-0.78%,0.14%,0.09%,-1.15%,-0.18%,-0.61%,0.32%,-0.91%,-1.06%,-0.60%,-1.05%,-2.19%,-0.62%,-2.61%,-0.29%,-2.32%,-0.78%,-0.61%,-0.67%,-0.16%,-2.53%,-0.11%,-0.09%,-1.87%,-0.83%,-0.47%,2.04%,-0.99%,-1.29%,-2.58%,0.63%,-2.60%,-1.31%,-0.80%,2.46%,-2.37%,-2.13%,-1.47%,0.10%,-2.78%,-1.96%,-2.26%
-2.90%,-2.83%,3.79%,-1.13%,-0.29%,-2.68%,-0.89%,-2.21%,-1.48%,-2.48%,-0.20%,-0.47%,-1.36%,-0.58%,-2.20%,-2.21%,-1.66%,-2.12%,-0.30%,-1.60%,-0.81%,-2.12%,-1.73%,-0.75%,-0.33%,-0.05%,-1.77%,-1.10%,0.48%,-0.40%,-0.52%,0.20%,0.12%,0.08%,0.43%,-0.55%,-1.50%,-1.24%,0.36%,-2.37%,-2.59%,-0.27%,-1.24%,-1.30%,-1.92%,-3.34%,-1.67%,-0.20%,-0.45%,-0.86%
0.18%,0.36%,0.71%,-1.12%,0.21%,-0.57%,-2.08%,-0.82%,-0.04%,0.03%,-0.89%,-0.23%,-2.26%,-0.05%,0.38%,0.42%,-1.26%,2.16%,-0.76%,-1.16%,-0.07%,1.78%,1.45%,-0.33%,-0.04%,-0.66%,2.77%,-0.08%,-0.72%,0.48%,-1.03%,-0.60%,-1.26%,-0.60%,0.12%,1.09%,-0.10%,-0.93%,0.52%,0.27%,-0.99%,0.09%,-1.59%,1.19%,1.02%,-0.02%,-0.09%,-2.58%,-1.79%,0.19%
2.21%,0.18%,0.83%,-0.54%,-0.34%,-1.09%,1.88%,-1.05%,0.95%,1.31%,-0.03%,-0.04%,-0.24%,-1.04%,-1.47%,-1.62%,-1.77%,0.00%,-0.74%,1.14%,-2.24%,0.21%,-0.60%,0.33%,-0.49%,0.93%,-0.10%,-1.65%,0.19%,-0.62%,-0.01%,-0.91%,0.00%,-1.72%,-0.19%,-1.76%,-1.21%,1.34%,0.44%,1.75%,0.46%,0.12%,0.32%,-0.35%,-1.75%,-1.57%,-1.49%,-1.73%,-0.04%,-2.24%
-2.40%,-0.80%,-0.99%,-0.96%,-0.50%,-1.72%,-2.11%,-0.78%,-1.99%,-1.47%,-0.03%,0.00%,-0.06%,-0.36%,-0.41%,-2.67%,-1.78%,1.25%,-0.94%,2.68%,-0.42%,-3.31%,1.16%,-1.88%,-0.89%,-0.70%,0.60%,-2.24%,-0.02%,-1.54%,-0.95%,-1.49%,1.32%,-0.81%,0.23%,-1.43%,-0.03%,1.42%,0.31%,-2.10%,-2.26%,-0.09%,-1.79%,-1.29%,-1.20%,1.47%,-2.40%,-1.84%,-1.73%,-0.33%
4.43%,1.34%,1.42%,3.50%,1.39%,2.87%,0.03%,2.11%,1.81%,6.94%,3.98%,-0.41%,-0.70%,0.58%,-0.19%,1.92%,2.01%,0.78%,0.42%,0.75%,1.30%,2.43%,1.60%,2.30%,0.83%,-0.07%,0.97%,4.05%,0.64%,2.16%,-0.06%,0.92%,3.34%,2.67%,1.51%,0.63%,1.38%,0.63%,-1.99%,1.23%,-0.02%,-0.58%,3.58%,1.39%,2.97%,5.13%,4.19%,4.97%,1.18%,-0.57%
1.68%,0.64%,1.69%,-0.66%,0.86%,0.43%,1.81%,1.10%,2.92%,1.58%,-1.90%,1.53%,0.61%,2.39%,-0.48%,1.05%,1.44%,0.60%,1.63%,0.75%,-0.89%,0.82%,2.36%,1.42%,3.35%,1.12%,0.20%,0.20%,0.30%,0.28%,1.44%,0.59%,1.60%,0.03%,1.23%,1.86%,0.04%,-1.23%,-2.92%,-1.00%,2.07%,-0.63%,1.28%,2.14%,1.50%,-0.08%,0.61%,1.12%,1.97%,0.71%
1.49%,-0.42%,-0.05%,-0.85%,0.48%,-0.06%,0.33%,-0.37%,-0.05%,1.44%,0.27%,0.09%,1.89%,-0.54%,0.34%,0.85%,-0.01%,1.10%,0.33%,-1.18%,-0.13%,-0.67%,-0.20%,0.23%,1.54%,-0.06%,0.34%,-0.38%,-0.05%,0.12%,3.01%,2.17%,1.01%,-1.13%,-0.61%,-0.75%,0.60%,-0.53%,-0.03%,1.69%,1.49%,2.29%,3.43%,-0.24%,0.26%,0.92%,1.19%,2.40%,1.80%,2.30%
-0.49%,2.74%,0.01%,-0.75%,-1.19%,-1.41%,-0.50%,0.07%,-2.97%,-1.66%,-0.19%,-1.99%,-2.39%,1.79%,2.89%,-2.22%,-1.29%,-0.55%,-1.44%,-3.93%,-2.08%,-0.06%,-0.71%,-1.24%,-1.77%,-1.19%,0.52%,-0.62%,-0.80%,-1.55%,-0.42%,0.06%,-0.03%,-1.38%,0.76%,2.46%,-0.69%,-0.06%,-2.05%,0.02%,-1.65%,-1.84%,-3.54%,-0.80%,-1.38%,0.11%,0.22%,-2.02%,-0.43%,-0.55%
-3.31%,-2.11%,-0.55%,-0.08%,-0.53%,-0.45%,-1.62%,-1.05%,1.47%,-1.24%,-0.93%,-2.28%,-0.09%,-1.99%,0.19%,0.43%,-0.06%,-1.01%,0.08%,-0.72%,-0.65%,-1.47%,0.03%,-1.51%,-0.97%,-0.17%,-0.67%,-2.38%,1.45%,-1.13%,1.97%,-0.47%,-0.12%,0.09%,0.04%,0.33%,-1.18%,-0.10%,-1.09%,-1.62%,-0.77%,0.62%,-1.16%,-1.20%,-1.31%,0.48%,-0.42%,-0.60%,1.23%,-0.21%
0.71%,0.28%,1.97%,0.62%,1.06%,0.36%,0.84%,1.19%,1.43%,0.57%,-2.49%,2.13%,-0.11%,1.79%,2.21%,0.06%,2.20%,1.90%,0.92%,-0.08%,1.20%,0.83%,0.50%,0.46%,2.03%,0.18%,0.93%,-0.64%,0.96%,-0.04%,-1.25%,1.35%,-0.09%,0.71%,-0.74%,0.24%,-0.20%,0.75%,7.27%,0.22%,-0.47%,-2.69%,-0.05%,0.11%,0.72%,2.11%,-0.33%,-0.89%,-0.14%,0.49%
4.48%,1.58%,-0.73%,-0.42%,1.20%,1.14%,2.60%,1.06%,1.85%,-0.45%,0.19%,-2.37%,3.10%,-1.03%,2.63%,2.57%,-0.32%,1.01%,1.93%,1.18%,1.23%,2.69%,0.22%,-0.39%,0.13%,1.62%,0.97%,3.49%,0.53%,1.24%,0.51%,3.62%,0.58%,0.09%,-0.36%,-0.73%,-0.63%,-0.19%,1.35%,-0.56%,0.77%,-0.48%,0.90%,0.67%,1.30%,-2.63%,2.03%,-0.25%,1.02%,0.38%
3.06%,0.81%,-2.11%,1.65%,0.13%,0.87%,1.58%,0.78%,0.64%,1.60%,-0.09%,2.64%,-1.24%,0.25%,0.99%,1.46%,-0.83%,-0.76%,0.29%,0.39%,0.92%,2.84%,0.54%,1.90%,-0.53%,0.09%,-0.62%,1.22%,-0.67%,1.19%,-0.52%,2.57%,1.56%,0.17%,1.02%,0.03%,0.53%,0.14%,-3.24%,2.13%,2.21%,1.37%,1.39%,0.17%,1.44%,-1.35%,0.87%,-1.08%,-0.04%,2.10%
0.28%,0.30%,0.16%,0.05%,0.91%,2.88%,0.05%,1.32%,1.26%,1.97%,1.21%,2.07%,-0.02%,0.48%,0.19%,3.06%,0.59%,-1.76%,0.29%,1.96%,4.69%,1.86%,1.35%,1.55%,0.40%,-0.51%,-1.24%,0.96%,-0.18%,0.16%,1.16%,2.29%,5.29%,1.29%,-0.40%,1.17%,1.35%,0.54%,0.03%,0.28%,-0.43%,-0.20%,3.37%,3.52%,0.79%,0.27%,3.36%,3.94%,1.17%,-1.15%
0.34%,-0.34%,-0.09%,-0.19%,0.15%,-0.56%,0.72%,0.63%,-0.19%,-1.44%,-0.23%,-0.54%,0.69%,0.21%,-1.81%,-2.10%,-1.21%,0.05%,-0.87%,2.54%,1.30%,1.59%,0.96%,0.67%,-0.36%,-0.55%,1.19%,2.22%,-0.85%,1.03%,-3.76%,-0.93%,-0.69%,-0.89%,0.61%,1.51%,0.18%,-0.84%,2.65%,-0.72%,-0.05%,0.53%,0.07%,0.60%,-1.05%,-0.48%,-0.62%,-0.18%,-0.63%,1.40%
1.03%,-0.52%,1.68%,0.21%,-1.00%,-0.36%,-1.26%,0.77%,0.57%,-0.91%,-0.27%,-0.14%,-0.58%,2.49%,-0.18%,0.24%,0.46%,2.35%,0.01%,1.29%,1.51%,1.92%,-1.04%,-0.11%,-0.09%,-0.28%,0.61%,1.22%,-0.21%,2.13%,-6.75%,-3.72%,-1.06%,0.92%,-0.58%,0.00%,0.07%,-0.57%,0.18%,-0.24%,0.18%,0.26%,-0.23%,-0.43%,1.69%,-0.47%,-0.52%,-0.78%,-0.01%,0.42%
0.18%,-0.04%,-1.24%,0.01%,0.85%,1.20%,1.97%,1.40%,0.01%,0.85%,0.29%,0.23%,-0.75%,0.35%,-0.81%,0.01%,0.52%,-0.38%,0.45%,6.21%,-0.35%,1.73%,0.60%,0.36%,0.02%,-0.26%,1.69%,-0.30%,-0.05%,0.58%,-0.32%,0.54%,0.72%,-0.19%,-0.21%,2.87%,-0.02%,0.82%,-0.71%,0.98%,0.52%,1.97%,0.87%,0.29%,-0.48%,0.57%,-0.19%,0.09%,-1.01%,1.29%
0.18%,0.60%,0.09%,1.12%,0.25%,1.20%,0.40%,-0.45%,0.70%,2.72%,-0.02%,1.75%,-0.81%,-0.22%,1.18%,0.00%,1.01%,0.18%,-0.44%,2.27%,0.55%,0.30%,-0.62%,0.49%,0.40%,0.75%,-0.36%,1.10%,0.61%,0.28%,-2.87%,-0.62%,-0.22%,-0.72%,-0.70%,0.16%,-0.30%,1.02%,-3.39%,-0.84%,1.95%,0.10%,1.06%,0.52%,1.48%,-0.01%,-0.24%,0.54%,1.20%,0.43%
1.69%,-0.09%,1.73%,-0.15%,-0.07%,-0.89%,-1.04%,-1.43%,-1.02%,-1.53%,-0.22%,0.15%,-0.45%,3.30%,1.69%,-0.20%,-0.47%,-0.54%,-0.62%,0.46%,-0.71%,-1.08%,0.32%,-1.68%,-0.76%,-0.79%,-0.13%,-0.73%,-0.22%,-0.93%,-0.99%,0.70%,-0.36%,-0.53%,-1.12%,-0.57%,-0.61%,-0.65%,-0.52%,-0.73%,6.47%,-1.12%,-0.13%,-0.41%,0.25%,1.95%,-0.67%,0.65%,-1.44%,1.22%
-0.42%,-1.36%,2.68%,-0.40%,-1.40%,-1.31%,-0.89%,-0.39%,-1.35%,-0.62%,-1.46%,-1.08%,0.23%,-0.82%,1.24%,-1.19%,-0.96%,-0.61%,1.15%,0.42%,-1.85%,3.57%,0.15%,0.80%,-0.11%,-0.04%,-0.10%,2.20%,-0.92%,-0.41%,0.43%,0.43%,-0.15%,-0.76%,-0.10%,0.21%,-1.02%,0.05%,0.02%,-2.05%,-1.37%,0.27%,0.34%,-0.91%,1.77%,-1.18%,0.31%,3.10%,-0.03%,0.46%
0.67%,1.74%,-2.23%,1.23%,3.13%,1.17%,0.09%,-1.42%,-1.62%,-0.32%,0.93%,0.40%,-0.08%,-1.43%,-0.65%,1.70%,3.24%,1.39%,-0.30%,-0.32%,1.84%,-0.62%,0.99%,-0.41%,0.53%,-0.09%,0.85%,-0.55%,0.54%,0.44%,0.30%,0.15%,1.04%,0.48%,1.78%,1.14%,0.61%,-0.34%,1.00%,0.49%,0.48%,2.83%,3.20%,3.17%,-0.53%,1.41%,0.76%,-0.08%,1.03%,2.03%
-0.18%,-1.48%,-0.19%,-1.28%,0.27%,-1.33%,-1.77%,-1.12%,-1.76%,-0.33%,0.62%,0.49%,1.41%,0.06%,-0.42%,-1.48%,-1.87%,-1.33%,-0.96%,-0.88%,-0.95%,-0.88%,-1.71%,-1.18%,-0.36%,-1.52%,-0.82%,-1.48%,-1.01%,0.19%,0.07%,-0.86%,-0.80%,-0.25%,-0.10%,-1.46%,-0.08%,-1.23%,-0.58%,-0.90%,0.51%,-2.06%,-1.11%,-1.71%,-1.39%,-0.19%,-0.66%,-0.91%,-1.49%,0.73%
-1.29%,-0.56%,-0.88%,-0.08%,-1.06%,0.17%,-0.06%,-1.37%,-1.73%,-2.15%,-1.73%,-0.61%,1.28%,-1.65%,0.21%,-4.09%,-0.39%,1.60%,0.96%,2.35%,-0.14%,0.28%,-0.44%,-0.19%,-0.59%,1.24%,-0.37%,-0.47%,0.33%,-0.87%,-0.63%,1.11%,-1.01%,1.33%,0.01%,2.34%,0.28%,0.15%,-1.55%,-1.25%,-0.33%,-0.54%,-0.56%,3.50%,0.99%,2.16%,-0.86%,2.34%,-0.09%,0.68%
7.50%,2.58%,-1.30%,-0.07%,0.17%,-1.63%,-0.54%,-0.03%,-0.98%,0.32%,0.53%,-0.16%,0.67%,1.71%,-2.91%,0.50%,-1.08%,0.50%,-1.05%,-0.75%,0.30%,1.69%,0.88%,1.71%,0.15%,-0.83%,-0.82%,1.57%,-0.31%,2.04%,3.85%,0.27%,-1.44%,-1.03%,-0.04%,-1.73%,0.45%,0.40%,0.13%,-0.13%,-0.54%,0.28%,0.02%,-1.23%,0.76%,1.07%,1.32%,0.30%,1.17%,-2.75%
4.03%,0.54%,-1.39%,2.64%,-0.10%,0.72%,2.26%,-0.72%,-0.69%,0.93%,-1.17%,1.64%,2.19%,0.65%,3.07%,-0.85%,3.82%,-0.47%,0.39%,-0.03%,-0.43%,1.19%,0.14%,-0.10%,0.15%,1.00%,-0.58%,3.14%,0.03%,3.17%,2.30%,0.15%,-0.32%,0.03%,0.12%,3.13%,-0.64%,0.60%,-1.38%,1.87%,2.14%,0.70%,0.34%,-0.91%,3.44%,0.60%,4.27%,0.75%,1.01%,0.55%
5.37%,3.40%,3.12%,1.13%,0.60%,0.47%,3.45%,1.28%,-0.77%,3.25%,0.38%,-0.26%,0.34%,0.10%,2.60%,2.33%,3.75%,0.78%,0.20%,0.04%,0.15%,-1.22%,0.32%,-0.57%,0.52%,3.13%,-0.33%,2.87%,0.26%,-0.06%,2.91%,0.05%,0.51%,0.23%,-0.16%,-0.53%,0.44%,0.32%,1.43%,-0.70%,-0.42%,1.21%,0.22%,0.38%,1.38%,0.55%,1.88%,-0.95%,1.16%,-0.68%
1.71%,-0.21%,-1.30%,-0.27%,0.39%,-0.13%,1.23%,1.83%,1.95%,-4.38%,1.07%,-0.02%,3.12%,0.77%,0.13%,-0.14%,-0.92%,0.05%,-0.16%,-1.01%,1.12%,-0.09%,0.87%,0.40%,1.03%,1.28%,2.38%,0.32%,0.30%,1.78%,-1.10%,0.47%,0.16%,0.08%,1.07%,-0.53%,-0.34%,0.57%,0.96%,-0.18%,2.22%,0.94%,1.49%,0.45%,-0.26%,2.06%,1.80%,1.31%,0.67%,0.52%
-0.28%,-0.43%,-0.71%,0.93%,-0.03%,-0.98%,-0.94%,-1.24%,-0.22%,-1.27%,-1.10%,0.09%,5.77%,-2.41%,-0.76%,-2.06%,2.87%,-0.74%,0.17%,-0.70%,-0.99%,-1.68%,-0.52%,-0.49%,1.86%,0.30%,0.51%,-0.70%,0.36%,-0.41%,0.07%,0.34%,-0.69%,-0.53%,-2.04%,-0.20%,0.22%,1.34%,1.06%,-0.49%,-0.86%,-0.20%,-0.72%,0.92%,0.46%,-0.46%,0.74%,0.80%,0.04%,1.95%
1.48%,0.56%,-0.02%,-1.31%,-0.44%,-1.11%,-0.95%,0.84%,-0.36%,-0.67%,0.71%,0.67%,1.40%,-0.92%,-1.30%,-1.75%,-0.16%,2.46%,0.03%,0.38%,-0.33%,-0.99%,0.33%,-0.19%,-0.43%,0.52%,1.05%,-0.42%,-0.74%,-0.68%,-0.29%,-0.34%,-0.08%,-1.56%,0.87%,0.46%,-0.57%,0.15%,0.73%,-1.05%,-0.24%,3.60%,-0.38%,-0.97%,0.07%,1.55%,-1.65%,-1.49%,-0.53%,3.00%
1.46%,0.48%,0.02%,0.98%,-0.72%,-0.44%,-1.21%,-1.02%,-0.38%,1.65%,1.00%,-1.19%,-0.06%,2.06%,-0.02%,1.24%,0.69%,0.11%,0.45%,2.10%,-0.84%,-0.39%,0.94%,-0.80%,0.15%,-1.95%,2.24%,-0.09%,1.54%,-0.02%,0.67%,0.89%,-0.38%,-0.26%,0.35%,0.00%,-1.01%,-0.49%,-0.65%,0.37%,0.49%,-0.57%,-0.25%,0.33%,-0.24%,1.77%,-1.17%,0.94%,0.07%,-1.71%
-0.87%,-0.52%,-0.77%,0.06%,-0.65%,-0.57%,-0.58%,-1.73%,-0.51%,-1.01%,-0.28%,-0.04%,0.29%,-0.70%,0.92%,0.72%,-1.80%,0.98%,-0.39%,-1.56%,-0.49%,0.41%,-0.34%,2.65%,-0.83%,0.29%,0.25%,1.50%,0.56%,0.42%,2.32%,0.11%,1.28%,-0.57%,-1.08%,1.44%,-0.75%,1.20%,-2.53%,0.02%,-0.77%,-0.51%,3.97%,0.54%,-0.08%,-0.17%,-0.34%,-1.38%,-0.01%,-0.72%
-0.88%,-0.64%,1.38%,1.21%,0.98%,-0.29%,-1.80%,-0.93%,-0.55%,-0.99%,0.25%,-0.30%,-1.00%,-1.41%,-0.65%,-2.33%,1.74%,-1.80%,1.74%,-0.41%,-1.59%,-0.80%,-0.49%,3.65%,0.02%,-1.34%,0.25%,-0.63%,1.47%,-0.24%,-0.60%,-1.08%,-1.06%,0.26%,-0.40%,-2.07%,1.50%,0.02%,-2.60%,0.12%,-1.20%,-1.09%,-0.84%,-1.09%,1.72%,-1.27%,1.60%,-0.13%,2.60%,-1.19%
-1.82%,0.70%,-2.73%,-1.27%,0.47%,-0.19%,-2.92%,-1.07%,-1.59%,-1.44%,-0.90%,-1.45%,-4.67%,1.34%,1.52%,-0.32%,-1.11%,4.40%,0.13%,1.21%,-1.18%,-2.31%,1.08%,1.46%,-2.20%,-1.06%,3.86%,-1.33%,-0.49%,0.02%,1.38%,-1.65%,-0.39%,0.17%,0.21%,0.31%,-1.56%,-2.76%,-0.37%,-2.13%,0.22%,3.81%,-2.04%,-2.42%,-2.26%,2.56%,-3.14%,-0.97%,0.55%,5.38%
5.11%,2.33%,-1.87%,0.42%,3.91%,1.08%,0.82%,0.16%,0.08%,0.53%,1.55%,0.96%,-0.22%,1.35%,0.94%,1.19%,1.55%,0.38%,-0.51%,2.21%,-0.54%,0.84%,-0.78%,2.74%,1.66%,-0.43%,2.61%,1.37%,-0.60%,2.05%,0.62%,-0.18%,-0.09%,0.57%,-0.16%,-0.76%,0.62%,0.17%,0.11%,3.70%,1.05%,1.34%,-0.90%,0.25%,1.07%,-0.49%,0.42%,1.81%,-0.02%,-1.88%
-4.55%,-3.96%,-0.82%,-0.46%,-0.07%,0.22%,-2.38%,-0.85%,-2.00%,-0.98%,-2.49%,-0.58%,-2.72%,-1.55%,-1.22%,-0.95%,-2.44%,0.15%,2.32%,4.40%,0.74%,-3.37%,-1.04%,0.84%,2.76%,1.37%,0.05%,-1.84%,1.89%,0.55%,0.43%,1.86%,0.59%,-1.21%,-0.33%,-0.82%,-0.21%,-0.52%,2.60%,-1.25%,-1.21%,1.01%,-2.58%,-0.95%,-2.87%,-0.41%,-0.81%,2.53%,-2.98%,-0.11%
2.28%,4.13%,2.06%,0.14%,0.93%,0.29%,2.48%,1.02%,1.50%,0.59%,1.14%,-0.15%,0.34%,0.72%,1.17%,0.20%,0.49%,0.42%,0.93%,-2.61%,-0.10%,1.61%,0.41%,2.15%,0.42%,0.23%,-0.80%,0.82%,1.34%,0.78%,0.61%,0.81%,-0.48%,0.35%,-0.72%,-0.21%,-0.45%,1.26%,1.23%,1.98%,-0.80%,1.41%,0.95%,-0.21%,0.17%,0.05%,0.63%,0.23%,-2.46%,1.11%
-0.40%,1.06%,2.58%,-1.17%,3.61%,2.00%,0.26%,1.58%,-1.71%,-1.45%,0.49%,-0.27%,0.37%,-1.86%,0.25%,-1.28%,1.29%,0.84%,0.57%,-0.21%,0.37%,-1.12%,-0.54%,-0.59%,-0.33%,-0.05%,0.57%,-1.22%,1.28%,2.00%,0.08%,-0.76%,-0.15%,-0.20%,-0.18%,3.61%,-0.41%,4.32%,-0.15%,-0.89%,0.71%,5.31%,0.16%,0.92%,-0.10%,3.00%,2.05%,1.40%,0.70%,-2.25%
2.77%,0.08%,-1.91%,-0.52%,1.40%,0.66%,0.14%,-0.73%,2.56%,0.28%,0.62%,3.53%,2.82%,2.18%,0.96%,-2.09%,-1.28%,3.00%,-0.61%,-1.56%,0.75%,3.86%,0.98%,3.07%,1.08%,2.39%,2.36%,5.53%,0.13%,0.85%,-0.57%,1.24%,0.89%,0.17%,-0.88%,3.31%,0.28%,1.21%,-0.49%,3.78%,0.56%,-0.46%,-0.53%,-0.92%,3.66%,3.29%,-0.45%,-0.78%,1.03%,-1.96%
0.54%,2.36%,-3.11%,-1.61%,-1.96%,1.38%,1.78%,0.00%,-0.14%,-6.62%,-0.36%,-0.65%,0.49%,0.14%,1.55%,-2.46%,-1.91%,2.32%,0.33%,-2.74%,0.43%,-2.36%,-0.18%,-2.64%,1.75%,-0.35%,0.74%,-1.84%,0.43%,-0.67%,1.91%,-1.77%,0.44%,0.75%,-0.09%,1.69%,0.05%,-1.72%,0.13%,3.71%,1.24%,2.34%,-0.96%,-3.44%,-2.26%,2.53%,-2.08%,2.11%,-2.10%,-0.41%
4.33%,-2.73%,2.06%,-0.05%,1.34%,-0.89%,-1.66%,-1.62%,0.03%,-1.48%,-1.98%,0.50%,1.65%,1.58%,-2.02%,0.44%,-0.59%,-0.87%,0.88%,0.88%,-2.04%,0.10%,0.50%,2.28%,-0.07%,0.75%,-0.88%,0.74%,1.13%,1.09%,3.84%,0.32%,-1.66%,-1.18%,-1.34%,-1.11%,-0.84%,-0.05%,-0.97%,-5.08%,-1.14%,-1.69%,0.00%,-0.82%,0.92%,-0.78%,-0.32%,-6.71%,1.80%,-0.64%
-0.49%,0.03%,0.44%,0.14%,-1.71%,1.58%,0.29%,-0.42%,-2.26%,-2.67%,1.44%,-1.03%,0.78%,-1.78%,-6.01%,3.52%,-0.71%,0.25%,1.25%,-0.09%,1.98%,-0.14%,1.79%,-0.87%,-1.99%,0.71%,0.64%,0.91%,2.08%,1.09%,-2.60%,0.86%,3.80%,-0.52%,0.54%,-1.61%,-0.07%,-0.15%,0.85%,-0.34%,1.40%,2.49%,-0.81%,-0.26%,1.83%,1.06%,1.37%,2.54%,0.71%,-0.26%
-0.96%,-1.92%,0.12%,-2.20%,-1.95%,-0.17%,-2.15%,-0.75%,3.36%,0.00%,0.29%,-1.47%,1.38%,-1.86%,-2.16%,-2.78%,-1.80%,-1.15%,-0.21%,2.01%,1.27%,-1.95%,0.21%,-1.23%,-0.16%,-0.37%,-1.03%,-1.48%,-2.43%,-0.14%,-0.65%,0.07%,-0.61%,-0.43%,-1.00%,-0.17%,0.41%,-1.46%,1.85%,0.46%,0.68%,-1.44%,0.73%,-0.85%,-0.94%,-0.31%,-1.34%,-2.25%,-0.63%,-1.23%
0.90%,0.14%,2.00%,0.14%,-0.03%,-0.63%,-0.03%,-1.30%,1.38%,-0.17%,-0.46%,-2.28%,-2.08%,-3.75%,-3.50%,0.88%,-0.28%,-1.38%,0.51%,0.94%,0.10%,1.03%,-2.21%,-0.08%,-1.38%,0.98%,-1.74%,0.29%,1.92%,-0.94%,1.74%,-0.24%,-0.65%,-0.03%,0.18%,-0.66%,-0.59%,1.15%,-2.00%,-0.10%,-2.04%,-1.28%,-4.39%,0.92%,-4.61%,1.61%,-1.65%,-2.42%,0.43%,-0.85%
0.38%,-0.02%,4.79%,2.19%,-0.13%,2.27%,3.08%,4.70%,-0.40%,-0.33%,1.20%,-0.86%,-1.32%,0.42%,-3.03%,4.17%,2.49%,-0.17%,-0.72%,0.56%,1.12%,0.04%,0.14%,-1.91%,1.44%,2.42%,-0.49%,4.38%,1.08%,2.76%,1.84%,4.68%,-1.13%,-0.70%,-2.12%,-4.20%,0.54%,-1.81%,-1.19%,-2.30%,-4.41%,0.84%,-0.79%,-1.46%,-1.18%,-0.26%,-4.43%,0.90%,0.22%,-1.30%
-7.85%,-2.52%,-5.06%,-1.31%,-4.71%,-5.03%,-5.81%,-2.04%,-2.69%,-3.66%,-0.30%,-1.01%,-1.78%,-1.49%,-1.59%,-0.84%,-5.05%,0.61%,-2.17%,1.09%,-2.93%,-2.50%,0.07%,-3.21%,0.02%,-1.90%,-0.12%,-1.21%,-3.12%,-2.76%,-0.24%,-3.57%,-4.37%,-2.28%,-2.40%,-1.13%,-0.99%,-4.19%,-0.06%,-2.84%,-0.56%,0.48%,-4.68%,-2.51%,-3.77%,1.37%,-1.06%,-3.40%,-4.83%,-0.05%
1.14%,-2.33%,-2.37%,-0.33%,0.24%,-1.72%,-1.47%,-0.36%,-0.25%,4.23%,-2.32%,-0.18%,1.53%,0.62%,-0.33%,-0.98%,-2.73%,0.23%,-1.75%,3.19%,0.36%,-1.30%,-1.20%,-1.61%,1.42%,-2.74%,-0.44%,-2.59%,-2.18%,-3.66%,0.05%,-1.27%,1.00%,0.63%,-0.01%,-2.05%,1.86%,-0.24%,-0.21%,0.24%,1.13%,-1.60%,-0.64%,3.14%,-0.95%,1.55%,-2.42%,-1.44%,-0.79%,-0.62%
-2.08%,-0.83%,1.00%,-2.10%,-0.45%,-1.58%,3.56%,-0.27%,-1.84%,-0.24%,-1.87%,-2.73%,-1.51%,-3.04%,-0.98%,0.15%,-2.97%,-3.96%,-0.89%,-6.20%,-2.60%,-0.89%,-2.24%,0.30%,-2.06%,-1.76%,-2.67%,-2.76%,-2.68%,-0.78%,0.14%,-1.14%,-1.06%,-0.57%,-1.66%,-1.75%,-0.79%,-1.11%,1.49%,-2.11%,-1.01%,-3.41%,-2.34%,-5.14%,0.06%,-3.55%,-2.45%,-3.11%,-1.30%,-1.37%
0.74%,0.54%,-0.72%,0.98%,-0.77%,0.01%,-1.23%,2.19%,1.94%,-2.03%,0.44%,0.89%,2.50%,1.00%,0.75%,1.56%,-0.70%,-1.60%,-1.27%,-1.77%,0.69%,0.65%,-0.96%,0.56%,0.60%,-1.25%,0.12%,2.40%,0.24%,-1.43%,-0.58%,-0.63%,-0.70%,0.09%,-0.13%,2.45%,0.28%,0.26%,0.79%,0.36%,-0.42%,-1.41%,5.04%,0.63%,-0.41%,-0.59%,0.13%,0.17%,-0.27%,-1.80%
3.94%,-0.47%,-0.08%,0.26%,1.63%,0.71%,1.25%,0.90%,0.41%,-0.11%,1.70%,7.62%,0.81%,1.64%,3.27%,0.67%,4.79%,0.62%,0.44%,-0.65%,0.44%,-0.33%,1.29%,0.39%,-0.38%,0.55%,2.27%,4.90%,1.49%,1.02%,0.50%,0.68%,1.22%,-1.06%,-0.30%,-0.68%,-1.17%,1.14%,0.83%,2.94%,6.30%,0.65%,0.11%,-0.78%,1.47%,0.85%,2.18%,2.40%,2.09%,0.16%
2.74%,-1.51%,-0.80%,0.60%,-1.92%,-1.86%,-1.37%,0.04%,-0.59%,-1.70%,0.28%,1.43%,0.05%,-1.30%,0.61%,-1.60%,0.03%,2.08%,-1.67%,-0.07%,-1.01%,-0.69%,0.26%,-2.13%,-1.00%,-1.26%,-2.21%,1.69%,-1.88%,-1.35%,-1.02%,-0.29%,-1.05%,-0.28%,-0.23%,-0.72%,0.00%,-0.74%,-0.57%,-1.66%,-0.24%,-0.08%,-0.78%,-1.63%,2.06%,-2.14%,-0.49%,-1.35%,-0.33%,-1.66%
3.40%,1.09%,2.57%,1.21%,1.19%,1.77%,0.27%,3.48%,-1.65%,0.45%,2.83%,0.04%,0.17%,1.96%,0.48%,0.55%,2.11%,-2.58%,1.47%,-0.87%,1.86%,-0.10%,0.86%,-0.15%,-0.55%,2.30%,-0.57%,0.45%,1.06%,1.60%,-1.18%,-0.54%,2.03%,1.01%,2.47%,1.95%,2.74%,1.97%,-0.01%,-2.58%,1.11%,-0.15%,2.46%,0.83%,4.06%,-0.82%,1.54%,2.56%,1.13%,1.38%
1.01%,2.39%,3.50%,-0.46%,-3.60%,-1.41%,1.59%,-0.89%,-1.59%,2.45%,-0.18%,-0.88%,2.10%,1.37%,-0.95%,0.45%,-0.49%,-0.14%,0.35%,-1.64%,-0.44%,0.00%,0.37%,-2.24%,-1.24%,0.39%,-0.46%,-0.39%,-0.05%,0.79%,0.36%,0.13%,-1.27%,-1.19%,1.72%,-2.75%,-1.54%,1.98%,-0.73%,-4.35%,-2.44%,-1.87%,-1.10%,1.36%,-0.72%,3.58%,0.57%,-0.63%,-0.59%,1.56%
-2.14%,-0.31%,1.36%,-0.32%,-0.04%,1.09%,0.43%,-1.13%,3.25%,-1.35%,-0.18%,-1.67%,0.37%,-0.25%,0.57%,1.12%,-2.05%,0.20%,-0.07%,-1.09%,-1.91%,3.39%,0.65%,3.04%,0.60%,-0.49%,1.52%,-0.57%,-0.03%,-0.80%,-1.98%,0.32%,0.21%,0.15%,4.38%,1.37%,1.26%,0.21%,0.69%,0.91%,0.17%,0.48%,-1.03%,-0.28%,-1.05%,-0.96%,0.14%,-0.80%,0.30%,-0.32%
-3.24%,-1.52%,-5.47%,0.74%,-1.08%,-1.26%,-0.11%,-1.41%,-1.97%,-2.16%,0.55%,0.87%,-1.49%,-0.23%,0.81%,-3.57%,-0.33%,-0.28%,-0.18%,-0.27%,-0.94%,-1.53%,-0.45%,-2.31%,-0.62%,-1.62%,1.22%,1.49%,0.77%,-1.63%,0.37%,-0.75%,-2.03%,-0.24%,0.13%,-0.74%,-1.19%,-1.53%,-0.14%,-2.53%,-0.09%,0.25%,-1.24%,-1.34%,-1.56%,-3.52%,-1.43%,-1.74%,-0.51%,-0.52%
-2.36%,-2.86%,3.88%,-2.05%,0.50%,-2.36%,-1.94%,-1.14%,-1.90%,-1.27%,-1.02%,-1.75%,0.63%,-2.76%,-2.78%,-0.87%,-0.94%,-2.44%,-0.02%,1.36%,-0.82%,-0.04%,-1.20%,-0.40%,-0.88%,-1.71%,0.33%,-3.10%,0.57%,-2.48%,1.58%,-2.57%,-1.27%,0.06%,-1.14%,-0.86%,-0.72%,0.62%,2.50%,-1.16%,-2.41%,-0.32%,-2.78%,-0.54%,-5.92%,-2.04%,0.09%,-0.33%,-1.19%,-0.36%
-2.41%,0.27%,1.10%,0.54%,-1.64%,0.64%,-0.24%,0.27%,-0.83%,0.91%,0.02%,0.51%,1.64%,-0.29%,0.54%,-0.64%,2.66%,-0.74%,-0.80%,2.02%,0.34%,0.50%,-0.31%,-0.78%,-0.32%,-0.48%,0.46%,0.96%,-0.98%,-0.38%,0.93%,-2.16%,-0.03%,0.80%,0.88%,0.92%,0.44%,-0.64%,3.35%,0.43%,-0.34%,0.72%,-1.90%,0.15%,0.37%,0.31%,3.52%,-0.85%,0.58%,0.52%
-0.30%,0.18%,1.00%,0.07%,0.77%,-1.22%,-2.58%,-0.81%,-1.21%,0.37%,0.75%,-1.03%,0.05%,-0.71%,0.10%,1.67%,-0.72%,3.91%,-0.31%,0.61%,0.38%,-3.28%,-0.09%,0.61%,1.88%,-1.75%,0.92%,-2.39%,0.88%,-0.60%,-0.77%,-0.08%,0.69%,-1.15%,0.33%,1.68%,-0.54%,0.90%,0.01%,1.35%,-6.03%,3.31%,1.43%,-1.31%,-1.58%,3.66%,-1.12%,-1.02%,-0.22%,0.26%
2.99%,2.12%,2.91%,-0.81%,-1.04%,-1.27%,0.24%,-0.43%,-4.49%,-0.85%,1.81%,-1.27%,0.32%,1.24%,-1.96%,-1.82%,-0.02%,-0.20%,-0.23%,1.41%,-0.27%,-0.31%,-0.31%,-0.27%,-0.41%,1.83%,1.16%,-0.20%,1.65%,0.72%,1.31%,1.91%,-1.69%,-0.95%,-0.71%,-2.13%,-1.91%,-0.54%,-1.03%,-0.26%,2.99%,0.26%,-1.67%,-1.63%,-0.53%,1.24%,-0.66%,-1.86%,-0.77%,0.16%
0.52%,0.62%,-1.19%,-1.46%,1.21%,0.41%,2.07%,1.37%,0.57%,2.27%,2.18%,1.02%,-0.19%,3.03%,2.05%,-0.54%,2.37%,1.55%,1.48%,-2.01%,0.39%,2.77%,-0.25%,1.38%,0.73%,1.23%,-0.44%,3.11%,0.78%,0.75%,0.79%,-0.46%,0.75%,1.74%,0.52%,1.99%,1.57%,1.07%,-0.39%,1.27%,5.21%,0.84%,3.26%,0.47%,6.30%,3.13%,-0.40%,3.72%,0.40%,0.80%
0.61%,2.10%,0.32%,0.27%,2.92%,0.75%,2.54%,3.45%,0.72%,-0.57%,0.06%,-0.93%,1.00%,-1.40%,1.23%,1.73%,3.86%,-1.00%,1.65%,-0.47%,1.23%,-0.14%,0.77%,1.33%,-0.93%,2.91%,-1.48%,2.98%,2.25%,3.27%,0.79%,2.33%,3.52%,-0.37%,0.56%,0.29%,1.50%,0.48%,1.76%,-0.58%,-2.40%,-1.43%,1.03%,3.29%,0.35%,-1.45%,0.68%,2.85%,0.59%,-1.15%
0.71%,-1.11%,-3.14%,0.50%,-2.52%,0.86%,-1.08%,-1.38%,-1.40%,1.74%,-0.25%,-0.61%,-1.61%,0.02%,1.92%,-0.12%,-0.73%,0.41%,-0.47%,-3.07%,1.35%,-0.77%,0.98%,-1.50%,-0.06%,-0.36%,1.02%,0.63%,-1.09%,-0.46%,-0.55%,0.60%,-1.27%,1.60%,1.77%,-0.97%,0.82%,1.26%,-0.01%,-2.50%,-2.01%,0.35%,0.55%,0.13%,-1.23%,-0.31%,0.35%,0.09%,0.85%,0.05%
-1.69%,-0.51%,0.53%,0.67%,-1.79%,-0.46%,-1.00%,-1.36%,0.61%,-0.45%,0.85%,0.54%,0.05%,-0.93%,0.06%,1.04%,-1.64%,-1.01%,-0.97%,-2.00%,0.31%,0.45%,-2.12%,-2.76%,-0.51%,-0.26%,1.95%,-1.85%,-0.23%,-1.49%,-0.43%,-1.55%,-0.45%,-1.39%,0.02%,-0.11%,-0.02%,0.43%,0.21%,0.15%,-1.73%,-0.24%,0.18%,-0.71%,-0.03%,0.34%,-0.78%,1.05%,-0.49%,0.36%
-2.16%,-0.55%,-1.63%,0.10%,-0.57%,0.01%,1.16%,-1.04%,2.88%,-0.19%,-1.01%,-1.35%,1.21%,-0.73%,-0.26%,1.11%,1.21%,0.27%,-0.52%,0.61%,-0.55%,-1.87%,0.49%,-2.65%,-0.40%,1.17%,-1.01%,-2.15%,0.47%,-0.22%,0.51%,0.58%,0.25%,-0.15%,1.13%,0.74%,-0.15%,-0.65%,-0.93%,-2.18%,0.01%,0.09%,-0.24%,0.23%,0.52%,-0.12%,-0.73%,-1.99%,-0.06%,-0.10%
0.88%,-0.53%,-1.32%,-1.16%,-0.23%,-2.56%,-1.35%,0.76%,-1.72%,-1.47%,-0.84%,-0.42%,-2.27%,-0.62%,-2.27%,-0.70%,-2.13%,-1.13%,-0.23%,0.72%,-0.57%,-4.65%,-1.85%,-0.52%,-1.42%,-0.66%,-0.42%,-4.53%,0.39%,-1.10%,-1.38%,0.96%,-0.88%,0.18%,-1.72%,-2.19%,-0.23%,-2.56%,0.11%,0.51%,2.46%,2.24%,0.29%,-5.04%,-2.84%,3.10%,-0.16%,0.93%,-1.39%,-0.53%
-7.32%,0.32%,-0.61%,-0.39%,-1.37%,-1.51%,0.05%,-1.13%,2.51%,-1.79%,-1.58%,0.84%,0.39%,0.16%,-0.20%,-0.22%,-0.68%,0.08%,-1.27%,0.34%,0.15%,-1.63%,-0.50%,-2.74%,-1.44%,1.25%,-0.39%,0.63%,-1.60%,-1.33%,1.02%,-2.66%,-2.03%,0.04%,-0.33%,-0.08%,-1.92%,-1.43%,4.05%,-2.64%,-3.06%,-2.03%,-0.54%,-1.58%,0.58%,-2.16%,-0.15%,-2.57%,1.34%,-1.37%
-7.52%,-6.98%,-0.73%,0.51%,-0.91%,0.16%,-1.18%,-2.90%,-0.40%,-2.58%,1.23%,-0.67%,-0.02%,-2.26%,-1.23%,0.14%,-1.68%,1.80%,-0.74%,2.90%,-0.21%,-0.62%,0.05%,-2.83%,1.33%,-0.35%,-0.63%,-1.36%,0.24%,-1.57%,3.11%,-1.68%,0.73%,0.09%,0.20%,-2.10%,0.10%,-2.32%,2.69%,-3.86%,-1.30%,-0.50%,-1.92%,0.38%,-1.82%,-1.33%,0.89%,-0.06%,-0.89%,-0.56%
-1.89%,2.92%,0.90%,1.84%,1.54%,0.69%,0.60%,0.59%,-0.27%,-0.47%,-0.74%,-0.38%,-0.47%,1.20%,-0.29%,0.67%,-1.28%,0.12%,1.11%,3.57%,0.91%,-0.78%,-0.05%,3.58%,-0.40%,-0.59%,1.10%,-0.09%,-0.26%,1.62%,-1.44%,2.66%,0.58%,1.10%,0.07%,-0.74%,1.06%,2.44%,-0.43%,4.12%,-1.95%,-0.78%,1.67%,-0.76%,-1.82%,-0.30%,0.35%,1.25%,0.16%,-0.05%
-7.61%,-2.59%,-1.17%,0.13%,-2.92%,0.39%,1.61%,2.09%,-0.63%,0.21%,-0.14%,-1.20%,-0.47%,-0.40%,-0.63%,0.91%,-0.03%,-0.81%,-0.10%,-2.37%,-0.01%,-1.12%,0.59%,-1.43%,0.15%,0.20%,0.58%,0.93%,0.01%,0.52%,2.13%,0.25%,-0.79%,-0.54%,-0.68%,-0.14%,-1.27%,0.18%,-0.52%,-1.38%,-1.52%,1.00%,-1.85%,-1.06%,-4.58%,1.98%,0.17%,0.19%,-0.97%,-0.05%
3.94%,2.30%,-1.69%,0.21%,2.74%,0.76%,0.67%,1.49%,1.67%,4.82%,0.52%,1.68%,-2.10%,1.51%,0.87%,1.26%,0.51%,2.62%,0.88%,-1.98%,3.02%,3.38%,1.80%,2.72%,4.19%,2.22%,1.92%,2.02%,1.68%,1.51%,0.27%,1.18%,1.73%,4.11%,-0.50%,2.20%,1.09%,1.88%,-2.08%,-0.16%,1.15%,0.60%,2.87%,3.25%,2.65%,0.06%,1.22%,0.81%,2.36%,1.98%
-1.54%,-0.36%,-2.99%,0.78%,2.37%,0.47%,0.93%,1.16%,4.45%,1.13%,0.06%,-0.33%,-0.94%,2.14%,1.54%,1.88%,0.29%,-1.10%,-0.37%,-2.44%,0.18%,-0.66%,-0.28%,1.23%,-0.24%,-0.33%,-0.17%,1.90%,-1.52%,-0.56%,0.75%,-0.56%,-0.62%,-1.02%,1.07%,-0.14%,0.03%,0.17%,0.46%,0.73%,2.08%,-5.42%,0.78%,0.16%,0.96%,-0.06%,2.76%,0.68%,-0.14%,2.03%
2.50%,-0.80%,-0.52%,-0.29%,0.87%,-0.71%,1.75%,0.26%,-0.83%,-0.87%,-0.95%,-0.15%,-0.59%,1.87%,0.00%,-0.01%,1.13%,0.84%,0.23%,2.01%,-1.67%,0.24%,-0.28%,0.56%,-0.52%,0.22%,-0.25%,-1.00%,-0.20%,0.04%,-0.16%,-0.65%,1.03%,0.18%,-0.68%,-1.63%,-0.36%,-0.30%,-1.95%,0.92%,-0.61%,0.00%,0.11%,0.25%,-1.32%,3.22%,1.53%,-0.62%,1.44%,-0.93%
2.02%,0.01%,0.54%,2.09%,-1.21%,-0.06%,0.94%,-1.51%,-0.16%,-0.51%,0.92%,-1.17%,0.82%,2.82%,0.06%,-0.52%,-1.23%,-0.61%,0.87%,-0.93%,0.04%,-0.79%,-1.29%,-1.50%,-0.93%,0.48%,0.14%,-1.76%,0.36%,-0.63%,-1.22%,0.91%,-0.10%,0.11%,0.94%,-0.17%,0.24%,-1.86%,-4.08%,-1.30%,-0.70%,-0.60%,0.39%,-0.27%,-1.42%,-1.13%,0.87%,0.39%,-0.97%,-0.15%
-3.92%,-3.05%,-2.22%,-3.28%,-1.33%,-1.30%,-2.22%,-0.46%,-3.14%,-0.88%,-0.16%,-2.06%,-5.85%,0.24%,-1.86%,-2.15%,-1.30%,0.88%,-1.48%,-0.28%,-2.60%,-1.42%,-0.06%,-1.11%,-1.90%,-0.98%,-0.90%,-1.66%,-2.29%,-1.99%,-1.23%,0.80%,-1.82%,-2.97%,-0.32%,-1.75%,-1.31%,-1.29%,0.21%,-0.55%,-2.59%,-1.53%,-2.58%,-3.78%,-1.90%,0.45%,0.77%,-0.20%,-3.89%,0.80%
0.06%,-1.67%,-1.44%,-1.80%,-0.60%,-2.10%,-3.32%,-0.96%,-3.75%,-4.10%,-0.93%,0.06%,-2.12%,0.08%,-1.04%,-2.41%,0.42%,-4.25%,-0.31%,-0.21%,-0.87%,-3.23%,0.79%,-1.19%,-0.52%,-0.34%,-2.15%,-2.29%,-1.11%,0.81%,-2.28%,0.26%,1.12%,1.30%,-0.42%,-0.17%,1.02%,-0.51%,-0.16%,-1.72%,-1.07%,0.19%,-4.33%,-1.19%,-4.20%,-3.91%,-1.17%,-2.48%,-1.34%,-2.40%
0.22%,1.56%,-1.27%,0.36%,0.32%,0.83%,1.56%,2.37%,-1.36%,0.19%,0.20%,-1.22%,-0.75%,0.59%,1.76%,3.49%,-0.19%,1.15%,-0.42%,-0.21%,-0.04%,1.28%,0.29%,-0.87%,0.02%,-0.13%,1.55%,0.67%,-0.35%,1.09%,-1.47%,-0.24%,0.33%,-0.36%,2.33%,-1.55%,0.36%,-0.64%,-0.36%,0.46%,2.23%,1.20%,0.56%,0.92%,3.13%,3.85%,0.32%,1.49%,-0.90%,1.71%
0.78%,-1.70%,-1.38%,-0.27%,1.00%,-0.74%,2.85%,1.00%,1.35%,4.45%,0.19%,-0.33%,0.24%,-0.77%,-0.72%,-1.34%,-0.13%,0.02%,1.05%,-0.89%,-1.43%,-1.20%,0.18%,-0.96%,-0.06%,0.86%,0.25%,1.02%,0.55%,1.23%,-2.19%,0.59%,0.82%,2.37%,0.15%,0.83%,-0.36%,0.80%,1.97%,-0.44%,-0.84%,-0.28%,0.44%,-1.46%,-1.80%,-1.19%,0.06%,0.36%,1.59%,0.56%
-1.70%,-1.50%,-0.60%,0.32%,-1.54%,-0.59%,-0.53%,-0.23%,-3.70%,-0.62%,0.08%,-1.87%,-0.55%,-1.58%,-1.56%,0.18%,-0.16%,-0.73%,0.48%,0.13%,-0.33%,0.98%,-0.29%,-2.06%,-0.29%,1.25%,-0.53%,-0.83%,0.19%,-1.00%,1.60%,-1.95%,-2.01%,0.35%,-0.16%,1.91%,-0.78%,1.25%,-2.16%,-2.60%,0.77%,-0.89%,-1.65%,1.30%,-0.24%,-1.09%,1.75%,0.28%,-1.85%,-2.30%
-4.39%,1.16%,-1.36%,0.50%,-3.61%,-1.59%,-0.61%,0.13%,-0.30%,-0.70%,0.03%,-0.43%,0.20%,-2.91%,-1.71%,-0.48%,-0.94%,2.88%,-1.40%,0.19%,-1.12%,-4.94%,-0.78%,-2.72%,-0.89%,-0.21%,0.54%,0.00%,-1.35%,-2.19%,4.08%,0.28%,-1.03%,-0.53%,-0.60%,-0.84%,0.81%,-1.57%,-1.02%,-2.79%,-1.18%,-0.47%,-0.37%,-2.17%,-2.48%,0.69%,0.85%,-1.69%,-1.31%,-1.32%
7.41%,0.76%,-0.33%,0.44%,1.56%,2.10%,3.34%,0.47%,1.48%,2.13%,0.38%,0.63%,1.30%,1.69%,1.53%,-0.08%,-0.19%,1.01%,2.82%,-1.70%,1.99%,2.16%,1.74%,2.21%,0.82%,0.59%,-1.06%,2.76%,0.05%,2.33%,0.82%,1.86%,1.84%,-0.12%,0.45%,0.85%,0.33%,0.81%,-1.77%,4.98%,0.16%,-0.04%,1.67%,0.45%,2.67%,-0.47%,4.92%,2.79%,1.97%,-3.74%
-2.35%,0.10%,2.47%,1.21%,0.97%,-1.77%,1.77%,2.09%,0.29%,-1.97%,2.20%,0.60%,1.01%,3.08%,-0.07%,1.98%,0.76%,0.52%,-0.05%,-1.00%,-0.49%,3.78%,0.64%,0.80%,0.31%,1.62%,-0.11%,1.68%,1.01%,0.78%,-2.60%,-0.21%,0.99%,0.71%,3.62%,0.39%,0.54%,-0.14%,-1.66%,3.18%,0.38%,1.09%,0.61%,-0.36%,1.44%,0.20%,0.36%,1.71%,0.72%,0.02%
-2.19%,-3.12%,3.38%,-0.95%,-0.33%,-1.92%,-0.28%,-1.66%,1.59%,-3.51%,0.12%,0.07%,2.57%,0.23%,-1.04%,-0.18%,-3.49%,-0.36%,-0.34%,0.48%,2.25%,-1.81%,0.04%,-1.95%,-1.31%,0.48%,-1.92%,-3.58%,-0.20%,0.26%,-0.21%,-0.81%,0.10%,-0.79%,1.12%,-1.00%,-1.38%,-1.90%,0.31%,-1.75%,-1.98%,0.05%,-1.91%,-1.30%,-3.20%,2.74%,-0.01%,-0.89%,-0.72%,2.59%
2.88%,4.41%,3.15%,2.66%,-2.24%,2.34%,2.89%,1.85%,-0.95%,-0.90%,2.75%,5.65%,-2.05%,0.01%,2.48%,-0.30%,3.65%,1.13%,2.39%,0.21%,2.91%,-1.54%,1.35%,-5.93%,1.08%,0.44%,0.47%,2.92%,4.65%,1.91%,-0.11%,1.24%,1.66%,0.41%,1.28%,1.21%,0.86%,1.16%,-0.67%,-1.50%,2.58%,2.12%,7.03%,3.76%,1.35%,0.25%,0.19%,3.03%,0.72%,3.03%
0.93%,-0.89%,-0.21%,0.17%,0.50%,-0.60%,0.86%,2.17%,0.67%,1.80%,-0.14%,-1.03%,0.52%,1.73%,-0.34%,-1.06%,-0.12%,-1.05%,-0.79%,0.15%,-0.03%,-1.56%,-0.21%,3.13%,0.10%,1.39%,0.29%,2.19%,0.62%,-0.42%,-1.25%,2.95%,0.20%,-0.61%,0.42%,-1.36%,1.87%,0.74%,-1.50%,1.77%,0.42%,0.05%,-0.78%,1.16%,0.16%,-3.80%,-1.29%,1.76%,-0.69%,-1.98%
-6.74%,0.38%,-2.64%,-1.40%,-1.85%,-0.93%,0.87%,-2.84%,-2.65%,-1.78%,-1.48%,-0.09%,-1.58%,-1.12%,-1.58%,3.37%,-2.62%,-1.03%,-1.70%,0.38%,0.61%,-3.44%,0.67%,-0.52%,0.04%,-1.66%,-1.43%,-2.38%,-2.27%,-2.57%,-0.89%,-1.76%,-0.14%,-1.66%,0.09%,-1.18%,-1.25%,-0.52%,0.72%,-1.28%,-1.52%,-0.01%,-1.66%,3.64%,-3.29%,-1.57%,-2.96%,-4.33%,-1.77%,-0.81%
-2.38%,2.22%,1.57%,0.61%,2.20%,1.52%,3.53%,4.12%,1.81%,-0.29%,0.86%,-1.66%,1.18%,2.00%,0.94%,2.57%,3.29%,0.29%,1.36%,1.51%,3.14%,6.65%,1.82%,3.72%,0.41%,2.09%,2.08%,4.24%,3.71%,2.52%,-0.21%,2.39%,1.32%,1.44%,0.40%,1.17%,0.10%,1.49%,2.89%,4.85%,1.06%,1.62%,1.02%,1.86%,3.55%,1.82%,1.74%,3.34%,2.20%,1.65%
1.29%,0.89%,-0.68%,0.05%,-0.58%,-0.77%,1.15%,0.74%,2.72%,-2.27%,2.18%,-0.25%,-0.72%,-0.40%,0.65%,0.41%,-0.88%,-0.98%,0.76%,1.26%,-0.07%,-0.07%,-0.54%,0.72%,0.46%,-0.70%,-1.79%,-0.06%,0.08%,-0.92%,-0.17%,-0.34%,0.81%,0.30%,-0.44%,-0.28%,-0.15%,0.31%,-0.11%,0.15%,0.99%,-0.26%,-0.11%,0.52%,1.15%,0.14%,2.20%,-0.50%,-0.43%,-0.81%
-1.74%,-0.51%,-1.41%,1.22%,3.82%,-0.50%,0.34%,1.40%,3.78%,-1.21%,-0.30%,-0.39%,-0.49%,1.40%,-0.17%,0.02%,-0.56%,0.06%,0.81%,0.23%,0.51%,3.43%,1.22%,0.07%,1.90%,1.97%,-1.40%,0.39%,-0.08%,0.86%,0.04%,1.85%,0.94%,0.12%,0.42%,0.82%,-0.05%,0.55%,0.82%,0.37%,-0.34%,-0.89%,1.87%,-1.59%,-0.17%,-0.54%,2.16%,-0.26%,-0.79%,0.39%
0.41%,2.62%,2.37%,-0.06%,5.17%,-0.22%,-0.94%,-2.67%,0.18%,1.38%,-0.55%,0.25%,2.35%,1.22%,-0.43%,0.56%,0.31%,-0.50%,-0.94%,-1.43%,-2.12%,3.91%,-0.01%,2.83%,0.34%,-0.65%,0.19%,0.63%,-0.41%,1.66%,-0.38%,-1.09%,-0.21%,-0.74%,1.39%,1.01%,0.55%,0.11%,0.22%,1.02%,-0.51%,0.47%,-0.83%,-1.41%,2.68%,1.89%,0.17%,0.07%,0.33%,0.33%
-2.17%,-2.41%,2.14%,-0.08%,-1.16%,-0.39%,-0.07%,0.13%,-7.50%,-0.06%,0.02%,0.60%,0.89%,-1.84%,-0.54%,2.38%,-1.22%,1.99%,-0.10%,2.18%,0.57%,1.83%,1.27%,-1.47%,-0.58%,0.42%,0.98%,0.27%,1.12%,0.21%,0.98%,1.47%,0.31%,0.06%,-0.27%,1.08%,0.03%,1.50%,1.45%,-2.37%,2.60%,2.61%,-0.60%,0.72%,1.03%,1.10%,1.84%,-0.82%,-0.17%,-0.10%
-5.85%,-1.47%,-3.02%,0.81%,1.66%,0.28%,0.24%,0.01%,0.32%,-1.32%,0.54%,-0.95%,-0.67%,-0.16%,-1.91%,-0.01%,-0.40%,4.42%,0.52%,-1.58%,0.27%,-0.68%,0.26%,0.77%,-1.21%,0.11%,3.41%,-1.27%,0.75%,0.35%,1.75%,-0.15%,-1.05%,0.59%,1.89%,-0.22%,-0.32%,-0.23%,-0.14%,-1.26%,-1.06%,4.15%,0.00%,0.73%,-1.60%,3.07%,-0.40%,0.32%,-1.33%,0.40%
2.42%,2.89%,0.59%,-0.26%,-1.13%,0.83%,-0.78%,-1.92%,-3.16%,-0.60%,0.89%,-0.12%,1.24%,2.20%,1.43%,2.19%,-0.07%,-1.86%,-0.20%,-2.48%,-0.63%,2.24%,-0.16%,0.52%,-0.46%,0.19%,0.76%,0.08%,1.45%,-0.19%,-2.24%,0.22%,-0.87%,0.86%,0.58%,0.41%,0.58%,1.09%,-0.65%,-1.12%,-0.56%,0.45%,0.60%,-0.38%,-0.72%,2.87%,1.14%,-0.11%,0.17%,2.54%
0.97%,1.15%,1.06%,1.43%,-0.03%,1.87%,1.51%,1.30%,0.69%,-0.33%,1.99%,5.30%,0.39%,2.42%,0.60%,-0.17%,2.70%,0.87%,0.89%,1.01%,2.07%,0.69%,0.63%,-0.23%,1.42%,0.18%,-3.27%,0.13%,1.82%,0.98%,0.08%,1.50%,1.18%,1.84%,0.71%,-0.55%,0.86%,-0.19%,-2.00%,-0.78%,1.25%,1.09%,1.51%,-5.01%,-0.42%,-0.42%,-0.67%,2.21%,0.98%,-1.44%
-0.89%,-1.06%,-0.95%,-0.24%,-1.84%,0.91%,-0.42%,0.74%,0.60%,1.43%,0.56%,-0.85%,0.52%,0.62%,0.15%,-0.87%,0.21%,1.11%,0.33%,2.02%,-0.90%,-0.02%,1.84%,1.44%,1.19%,0.12%,-0.71%,0.08%,-0.62%,-0.62%,1.46%,0.99%,-0.78%,1.64%,3.02%,-0.39%,2.86%,0.77%,-2.36%,-0.34%,-1.40%,-0.66%,0.46%,-0.80%,0.76%,-0.06%,1.74%,-0.79%,0.01%,-1.78%
-1.97%,0.40%,-0.68%,-0.31%,-2.66%,-0.08%,-0.42%,-1.00%,-1.33%,0.58%,0.37%,0.80%,-0.87%,-0.48%,-0.19%,-0.50%,-0.17%,-1.40%,-0.82%,-0.61%,-0.83%,1.42%,0.34%,-0.58%,2.90%,-1.25%,0.07%,0.26%,-0.94%,0.04%,2.15%,-1.37%,-0.42%,0.90%,-0.42%,0.72%,0.04%,-0.66%,0.75%,-0.69%,-0.03%,-0.24%,1.12%,-0.49%,0.92%,-1.72%,-2.05%,0.01%,1.92%,2.78%
3.58%,0.42%,4.27%,-0.62%,-1.03%,-0.14%,-0.70%,0.25%,-7.07%,2.89%,0.64%,-0.03%,-0.67%,0.41%,1.65%,0.15%,1.03%,2.18%,0.33%,3.95%,-0.38%,9.04%,0.26%,-0.16%,0.73%,-0.58%,0.61%,4.16%,0.00%,1.83%,0.70%,0.45%,-0.48%,-0.56%,1.90%,1.02%,1.52%,0.46%,2.72%,-0.12%,-0.55%,1.01%,0.74%,-0.16%,3.39%,1.28%,-2.49%,1.49%,2.78%,-0.07%
-2.79%,-1.40%,1.07%,-0.48%,-1.40%,-0.18%,-1.72%,-1.84%,-1.37%,1.68%,-1.36%,0.80%,3.13%,1.23%,-0.67%,0.74%,-0.30%,4.30%,0.87%,-1.36%,0.51%,-1.00%,0.94%,-2.57%,-0.41%,-1.10%,4.03%,0.00%,-0.09%,-1.44%,0.43%,-0.30%,-0.58%,-1.80%,0.18%,-0.87%,-0.44%,-1.53%,1.30%,-2.01%,-0.77%,6.62%,0.03%,0.52%,-2.54%,5.31%,0.40%,-0.41%,-0.55%,1.91%
1.49%,1.36%,-0.16%,1.67%,0.10%,-0.02%,1.01%,0.14%,2.68%,0.21%,-0.17%,1.88%,-0.77%,-1.32%,0.64%,-0.27%,-1.43%,2.42%,-1.03%,-0.58%,-0.65%,-2.48%,-1.03%,-0.97%,-0.25%,3.40%,0.78%,-0.33%,1.40%,-0.37%,0.05%,3.10%,0.44%,-0.43%,-2.80%,-0.71%,-0.19%,0.87%,0.05%,0.52%,1.77%,0.18%,-0.94%,-0.58%,0.07%,0.21%,0.67%,-1.56%,1.54%,-0.24%
-1.32%,1.53%,-2.24%,-0.73%,-0.27%,1.21%,0.97%,2.52%,0.62%,0.84%,-0.30%,0.29%,0.24%,-0.02%,0.68%,0.23%,-0.43%,-2.39%,-0.04%,2.96%,-0.03%,-7.37%,0.47%,1.68%,0.18%,0.16%,-2.80%,0.92%,-0.26%,1.32%,0.02%,1.73%,0.00%,-0.44%,-0.94%,0.88%,-0.17%,3.64%,2.91%,-0.76%,0.69%,-0.67%,-0.16%,-0.75%,-1.48%,-2.75%,-0.10%,-1.21%,-0.59%,-3.50%
-0.25%,-0.09%,-1.68%,-0.60%,-1.28%,0.47%,-0.94%,0.12%,0.55%,3.35%,1.47%,-1.47%,0.15%,-1.48%,-1.50%,-1.25%,-1.67%,0.64%,-0.74%,-1.00%,0.01%,-1.99%,-0.03%,-1.83%,-0.69%,-1.58%,0.51%,-0.94%,0.16%,-1.10%,1.68%,1.82%,-1.43%,-0.58%,-0.99%,-1.75%,0.43%,0.05%,1.04%,-1.41%,-0.72%,2.50%,2.10%,-0.89%,-1.91%,0.54%,-0.11%,-0.11%,0.38%,0.07%
2.18%,1.33%,-1.04%,-0.63%,-0.93%,-0.53%,-0.41%,-1.75%,-0.08%,-2.54%,-0.04%,1.16%,-0.05%,0.90%,-1.94%,1.49%,0.64%,0.80%,0.49%,3.88%,1.20%,0.84%,2.20%,-0.02%,1.51%,1.85%,1.39%,1.87%,1.53%,-1.15%,0.09%,0.50%,0.13%,0.08%,3.53%,0.75%,-0.16%,0.50%,-2.45%,-1.69%,-0.28%,1.99%,0.73%,0.50%,-1.36%,0.68%,0.90%,0.85%,-1.34%,-2.02%
0.89%,1.35%,-0.42%,2.24%,9.21%,2.16%,0.48%,1.80%,1.21%,-0.11%,1.63%,-0.02%,-1.39%,1.49%,1.01%,1.26%,1.65%,-3.31%,-0.36%,-2.60%,-1.29%,0.41%,-1.16%,3.25%,0.41%,0.15%,0.74%,-0.03%,0.26%,2.27%,-1.93%,0.53%,-1.82%,-0.73%,0.21%,-0.06%,0.43%,2.15%,-1.76%,4.03%,2.25%,-2.47%,0.31%,2.01%,2.01%,-2.98%,0.05%,0.55%,-0.42%,-1.85%
-1.20%,1.21%,1.73%,1.70%,-4.06%,0.18%,0.34%,0.87%,-0.72%,0.20%,0.96%,1.26%,-0.61%,0.74%,0.58%,-1.30%,0.64%,1.07%,1.09%,1.51%,0.50%,0.30%,2.37%,-1.29%,0.73%,0.71%,1.21%,-0.79%,1.88%,1.68%,-0.24%,1.23%,0.36%,0.82%,3.70%,-0.08%,-0.02%,-3.31%,-2.62%,1.57%,0.81%,2.32%,1.87%,1.04%,0.88%,0.01%,1.22%,-3.25%,1.14%,0.94%
-7.64%,-1.52%,-1.00%,1.71%,1.25%,0.45%,-0.14%,-0.83%,-1.65%,-0.27%,-1.60%,0.76%,-1.58%,-0.73%,0.40%,-2.14%,0.19%,-4.96%,1.30%,-1.38%,-1.83%,-3.23%,-2.45%,-2.57%,2.06%,-1.56%,-0.20%,-3.03%,3.78%,0.16%,1.23%,-1.16%,-0.80%,-1.02%,-2.08%,-0.28%,-1.30%,0.98%,0.01%,-2.19%,-2.50%,-0.92%,-1.61%,-1.28%,-3.45%,-1.20%,-1.76%,0.49%,-2.25%,-1.15%
-2.32%,-1.02%,-1.00%,-1.27%,1.84%,0.31%,-1.62%,-0.64%,-0.85%,-0.99%,-1.62%,-0.44%,-1.27%,0.80%,0.14%,-2.11%,-0.75%,-7.48%,-0.08%,-0.53%,-0.23%,1.53%,-1.34%,1.81%,-0.78%,0.53%,-1.21%,1.32%,-1.85%,-1.81%,-0.15%,0.23%,0.13%,2.29%,-1.12%,0.58%,0.63%,-1.14%,0.24%,0.37%,4.04%,-0.51%,-2.08%,-0.76%,1.91%,-1.45%,-0.53%,-3.48%,-0.53%,-1.49%
0.16%,2.83%,3.00%,-1.35%,-2.46%,-2.91%,-0.90%,-1.00%,0.66%,-1.89%,0.89%,-2.02%,-2.04%,-0.53%,-0.68%,-2.24%,-1.25%,0.45%,1.05%,-1.36%,0.11%,-0.09%,0.83%,0.34%,-2.75%,0.69%,-0.80%,-0.60%,-0.01%,-0.66%,0.67%,-1.25%,-0.89%,-1.95%,0.14%,-0.47%,0.46%,-0.80%,0.41%,0.02%,-3.37%,-0.03%,0.40%,0.27%,-0.80%,1.49%,-0.13%,-0.60%,-0.24%,-0.57%
0.79%,1.02%,-1.86%,2.08%,3.04%,0.92%,2.05%,1.00%,1.47%,0.38%,1.64%,-1.00%,-1.44%,1.39%,-1.76%,1.91%,0.29%,-0.18%,-0.56%,-0.21%,-0.32%,2.81%,2.30%,2.46%,1.84%,-0.07%,0.84%,2.65%,0.94%,1.49%,-0.08%,3.66%,0.75%,-0.24%,-0.21%,2.02%,0.92%,1.79%,-0.11%,1.88%,-0.82%,-1.72%,2.22%,0.22%,2.70%,-0.79%,1.13%,1.95%,1.19%,1.79%
3.02%,0.10%,-0.86%,-0.44%,1.15%,-0.79%,-1.43%,-1.12%,1.76%,0.73%,-0.51%,-0.07%,0.28%,0.23%,0.26%,2.22%,1.45%,-0.87%,-0.52%,-1.50%,0.25%,0.36%,-0.12%,6.73%,0.16%,-1.07%,-1.47%,-0.54%,-0.26%,-1.75%,-0.83%,-2.29%,0.36%,0.53%,0.27%,-0.44%,1.65%,-0.40%,1.44%,1.44%,-0.44%,0.59%,-1.53%,-0.90%,-0.02%,-0.62%,-0.09%,0.57%,0.76%,-0.73%
-1.83%,0.13%,-2.44%,1.05%,1.15%,-0.70%,-1.03%,0.16%,-1.82%,0.32%,-0.79%,-0.45%,-0.30%,-1.32%,-0.51%,-0.37%,0.21%,0.80%,0.58%,-2.11%,-0.08%,-0.23%,0.00%,-0.81%,-0.14%,0.51%,0.44%,-0.71%,0.75%,0.79%,0.05%,-0.60%,-0.65%,-0.58%,0.03%,-0.14%,-0.42%,0.99%,0.66%,-0.82%,-1.04%,1.40%,0.79%,2.95%,1.14%,0.11%,1.82%,1.36%,-2.41%,-0.91%
-1.86%,-0.62%,-2.04%,-0.40%,-0.15%,-1.55%,-0.63%,-2.09%,1.23%,2.40%,-0.28%,-2.13%,0.75%,-0.42%,-3.62%,1.09%,-0.17%,0.29%,0.72%,-0.44%,-0.23%,1.32%,-0.64%,0.02%,-0.76%,0.33%,-0.23%,-0.68%,-0.29%,-0.98%,0.13%,-0.42%,-0.15%,-1.11%,-1.53%,2.95%,-1.82%,0.46%,-0.73%,-0.02%,-1.77%,-1.09%,-2.31%,-2.44%,-1.49%,1.45%,-1.28%,-1.27%,0.81%,0.07%
0.91%,0.46%,2.03%,5.65%,1.03%,-0.43%,1.31%,2.05%,2.33%,-6.19%,1.69%,-0.31%,0.61%,0.87%,0.05%,0.74%,0.70%,0.29%,0.96%,-0.23%,-0.76%,0.58%,1.18%,1.34%,1.25%,0.47%,1.09%,1.31%,1.59%,1.85%,0.72%,1.47%,0.52%,-0.63%,6.03%,-0.40%,-0.56%,0.83%,-1.02%,0.97%,-5.06%,0.17%,0.79%,-0.84%,2.20%,0.43%,-1.75%,1.84%,1.83%,0.81%
-2.97%,-0.67%,-2.03%,0.85%,-0.25%,0.59%,0.16%,0.77%,1.23%,-0.89%,-0.25%,0.84%,-0.35%,-2.34%,1.37%,-1.22%,-0.06%,-0.81%,0.50%,-0.17%,0.83%,-0.25%,-0.04%,-0.27%,0.41%,1.10%,0.72%,1.64%,0.34%,-0.41%,0.38%,-1.89%,-0.49%,2.51%,0.51%,-0.13%,1.07%,-0.27%,-1.67%,1.30%,0.37%,-0.68%,-10.99%,-2.18%,0.51%,0.12%,-3.77%,-0.92%,0.87%,-0.11%
-0.56%,-0.20%,1.77%,1.33%,-0.40%,-0.29%,2.01%,0.21%,0.40%,-0.31%,-0.17%,-0.47%,-2.43%,-1.94%,-0.46%,0.91%,-0.97%,-0.03%,0.79%,0.86%,0.04%,0.74%,0.79%,-0.60%,-1.04%,0.10%,0.44%,1.67%,0.96%,-0.55%,2.12%,-0.66%,0.23%,-0.90%,-0.06%,0.93%,2.30%,-0.78%,1.19%,-2.21%,-1.09%,1.42%,-5.18%,-4.17%,2.56%,0.51%,1.20%,0.66%,0.05%,-0.49%
-0.16%,-1.48%,-1.19%,0.69%,0.05%,-0.42%,0.95%,-1.45%,-1.84%,-1.73%,1.60%,-2.76%,0.00%,1.33%,-0.72%,-0.67%,-0.65%,-0.51%,-0.71%,-1.47%,-2.03%,-1.70%,3.87%,-3.57%,1.42%,0.45%,-0.39%,0.61%,-0.19%,-0.86%,1.18%,0.71%,-0.36%,-0.06%,0.66%,-1.48%,-0.18%,-2.33%,-0.73%,-1.98%,0.65%,0.33%,-0.64%,0.05%,-0.75%,0.31%,0.02%,-1.02%,-2.88%,1.37%
0.24%,-1.29%,-1.13%,-1.08%,-1.92%,0.13%,7.63%,4.70%,-1.95%,-2.06%,-1.18%,-1.10%,3.04%,0.06%,-0.84%,-0.23%,0.07%,-1.14%,0.22%,0.02%,-0.59%,-2.79%,-0.27%,-0.42%,-2.41%,-0.58%,-0.59%,-1.37%,-0.84%,-0.47%,1.13%,-0.48%,0.02%,-1.71%,0.81%,1.29%,0.00%,-1.13%,0.13%,-0.16%,1.73%,-0.06%,2.65%,1.50%,-1.77%,0.46%,0.57%,-2.58%,-0.83%,1.33%
-3.89%,-2.11%,-0.11%,-0.08%,-1.21%,-0.99%,4.02%,2.88%,-1.09%,-1.70%,2.20%,-3.74%,-1.73%,-0.80%,0.25%,-1.34%,-1.88%,-2.10%,-0.77%,0.25%,0.18%,-0.67%,2.29%,-3.34%,1.20%,0.82%,0.03%,-3.78%,1.87%,-2.98%,-0.35%,-1.53%,-2.14%,-0.30%,-0.23%,-1.88%,-0.24%,-1.22%,-0.93%,-1.59%,-3.12%,0.29%,-1.13%,-3.27%,-3.10%,2.54%,0.37%,0.33%,-2.50%,-3.39%
-0.34%,-1.49%,-3.26%,-0.51%,-1.14%,-2.40%,-2.06%,-0.14%,1.94%,-0.37%,-1.35%,-2.36%,1.29%,-1.56%,-4.49%,-2.17%,-2.54%,0.59%,-0.95%,-0.03%,-1.91%,-1.40%,-1.69%,1.12%,0.02%,-0.26%,-0.31%,-3.19%,-1.37%,-0.17%,1.45%,-1.20%,-0.97%,-1.32%,-2.04%,0.38%,-0.13%,-0.27%,0.16%,2.34%,-4.55%,1.56%,-0.47%,-2.86%,-2.43%,-1.10%,-2.63%,-3.79%,-0.17%,-1.51%
3.43%,-1.03%,-1.55%,-1.14%,-0.67%,3.23%,2.08%,4.36%,0.95%,0.51%,1.50%,0.68%,3.26%,-1.49%,6.16%,1.69%,0.35%,1.00%,-0.16%,1.06%,0.20%,2.94%,-0.28%,0.35%,-1.28%,-1.09%,1.22%,2.96%,-1.09%,0.53%,-0.13%,0.51%,1.57%,0.46%,1.56%,-0.30%,-0.89%,-0.49%,0.44%,3.87%,2.08%,-1.35%,1.48%,3.99%,-0.03%,0.15%,-0.11%,-0.04%,-2.51%,0.04%
-3.97%,-1.45%,-0.45%,-0.64%,-0.58%,-1.19%,-3.30%,-3.04%,-5.95%,-1.40%,1.99%,1.60%,-1.02%,-2.52%,-2.75%,-1.80%,0.76%,-1.16%,-1.13%,-1.08%,-0.48%,-2.13%,-0.39%,0.60%,-1.90%,-2.64%,-0.75%,-2.64%,-0.58%,0.51%,0.55%,0.19%,-0.74%,0.84%,0.07%,-5.29%,0.26%,-1.57%,-0.48%,3.66%,-0.17%,-0.39%,1.23%,0.57%,-6.36%,1.61%,0.65%,0.46%,-1.46%,-0.56%
1.49%,-0.80%,0.27%,1.17%,2.73%,-1.52%,0.79%,0.63%,-0.70%,4.23%,0.04%,0.21%,1.41%,3.23%,0.95%,0.42%,-2.45%,1.94%,0.94%,-0.29%,0.20%,1.80%,-0.45%,1.93%,0.51%,0.92%,3.05%,1.34%,1.60%,0.84%,-0.06%,1.35%,-1.02%,-0.90%,0.25%,-4.39%,0.21%,0.40%,-0.53%,2.01%,2.34%,3.11%,1.72%,-6.72%,1.50%,1.99%,0.13%,1.35%,-1.15%,0.34%
4.74%,2.33%,2.83%,-0.10%,0.76%,0.94%,1.01%,4.21%,2.48%,1.36%,1.91%,0.59%,-1.61%,1.79%,-0.26%,2.33%,0.88%,0.47%,1.14%,0.14%,1.80%,4.87%,0.94%,-0.69%,-0.93%,2.37%,0.60%,3.79%,1.60%,0.30%,0.61%,1.74%,1.63%,0.15%,0.72%,4.62%,0.14%,0.54%,0.11%,-0.58%,0.78%,-0.50%,1.32%,1.91%,3.67%,-1.21%,0.34%,0.37%,0.65%,0.10%
3.89%,-0.26%,-0.88%,2.28%,1.42%,1.15%,-0.99%,-1.03%,5.64%,-0.48%,0.27%,0.53%,3.34%,-4.94%,1.36%,1.59%,2.88%,-2.35%,1.67%,1.04%,1.32%,-1.57%,0.45%,1.22%,1.10%,-0.03%,-1.13%,0.32%,0.10%,2.57%,-0.73%,-0.90%,1.89%,1.45%,-0.78%,0.09%,-2.41%,-0.04%,0.39%,1.91%,7.13%,-2.34%,1.09%,0.73%,1.48%,-3.91%,0.49%,3.41%,1.31%,-0.49%
-4.59%,-0.28%,2.00%,-1.69%,0.29%,0.21%,-0.85%,-2.02%,0.83%,1.07%,-0.65%,-1.65%,-0.86%,-2.33%,-0.69%,-0.56%,-0.24%,1.19%,-0.47%,0.09%,0.29%,0.35%,-0.64%,-3.12%,-0.45%,-1.94%,0.19%,1.42%,-0.99%,0.30%,0.62%,2.39%,0.06%,-1.04%,-1.52%,-0.03%,0.03%,-0.32%,-0.55%,-2.85%,-0.04%,0.61%,-1.21%,-0.56%,-0.23%,0.39%,-1.55%,-2.24%,-0.38%,-0.12%
-0.24%,-0.91%,-1.72%,-0.43%,-1.11%,-1.19%,2.00%,1.21%,-1.26%,-0.88%,-0.26%,-0.94%,2.37%,-1.42%,-0.95%,-1.23%,-1.54%,0.25%,0.78%,-1.05%,-0.25%,-1.81%,0.83%,-1.72%,-0.78%,0.40%,-0.41%,0.24%,1.48%,-1.08%,-0.34%,3.18%,-1.45%,-0.39%,0.19%,-0.88%,1.20%,-0.15%,-0.73%,1.08%,-0.99%,-0.27%,2.72%,-1.95%,0.43%,1.39%,-0.10%,-0.02%,-0.25%,-0.82%
-1.94%,4.74%,-3.78%,0.83%,0.78%,-0.46%,-0.41%,1.40%,0.92%,-0.59%,2.32%,-0.15%,2.49%,-0.39%,-1.28%,2.14%,-0.16%,0.33%,4.45%,-0.35%,-1.57%,-1.64%,1.62%,0.32%,-0.09%,3.75%,1.66%,-0.20%,2.41%,0.35%,-0.73%,2.78%,-0.59%,1.36%,1.30%,2.24%,-0.02%,0.57%,1.27%,0.90%,-2.87%,-0.91%,1.78%,-2.22%,-0.38%,3.65%,-1.48%,0.41%,1.03%,0.40%
-1.20%,-1.16%,-2.45%,-0.89%,-1.69%,5.32%,-1.54%,-2.65%,1.31%,2.71%,-1.88%,-0.06%,-0.54%,0.55%,0.25%,-2.96%,-1.07%,-0.60%,-1.35%,-1.58%,2.30%,1.84%,-1.40%,1.22%,-0.63%,-2.05%,-0.89%,0.00%,-1.24%,0.15%,-1.45%,-2.31%,3.18%,-1.91%,2.53%,-2.64%,-1.67%,1.00%,-2.31%,-1.06%,0.83%,-0.52%,-2.21%,1.66%,-2.61%,-1.57%,-0.01%,-1.39%,-1.52%,-0.50%
-2.76%,-2.33%,1.52%,-0.67%,0.07%,-0.62%,-0.70%,-2.27%,-0.18%,-2.97%,-0.80%,-0.72%,-0.70%,-0.58%,2.81%,-1.64%,0.60%,-0.46%,-3.05%,0.55%,-0.35%,1.30%,-1.61%,-0.88%,-0.39%,-0.69%,1.52%,-0.02%,-1.07%,-1.06%,0.62%,1.43%,-0.67%,-1.40%,-0.82%,-1.21%,-2.06%,1.11%,-2.38%,-1.39%,-1.19%,0.71%,-3.04%,-0.19%,0.98%,-0.41%,-1.63%,-1.62%,0.62%,-0.17%
-0.73%,-1.31%,-0.14%,-0.84%,-1.15%,-1.08%,1.83%,0.39%,-0.77%,-2.15%,0.79%,4.11%,-2.51%,-1.12%,-1.63%,-0.48%,-1.02%,-1.74%,0.85%,-0.35%,-0.09%,0.19%,-0.03%,-0.92%,-0.52%,-0.15%,-1.50%,-0.83%,0.06%,-1.77%,-0.93%,-1.44%,0.69%,-0.46%,-2.87%,0.06%,-1.42%,0.72%,-0.11%,0.21%,-1.07%,-1.30%,3.33%,-0.59%,1.04%,0.42%,-2.42%,-0.11%,-0.92%,-1.88%
2.47%,0.59%,-1.03%,-0.85%,0.09%,1.32%,2.86%,2.49%,1.15%,4.24%,1.12%,-0.67%,1.89%,1.84%,-0.15%,2.44%,0.96%,2.70%,-0.30%,-0.54%,0.69%,2.50%,0.53%,-0.07%,1.08%,1.07%,1.36%,2.70%,0.84%,1.26%,-0.26%,1.44%,0.36%,0.74%,2.36%,-0.53%,1.14%,0.71%,3.11%,2.50%,3.45%,0.24%,0.76%,3.76%,1.35%,-1.35%,4.11%,1.15%,0.53%,1.57%
6.05%,1.13%,4.37%,2.22%,2.07%,0.12%,0.41%,1.68%,1.48%,0.05%,1.98%,0.42%,-0.60%,0.46%,0.23%,-0.79%,0.92%,1.36%,0.24%,-0.28%,0.45%,0.20%,2.03%,2.47%,0.24%,-1.01%,1.21%,1.63%,-0.40%,0.34%,1.38%,0.66%,0.78%,0.00%,0.28%,1.38%,0.82%,1.78%,0.29%,-0.19%,-0.22%,0.57%,0.51%,3.30%,3.85%,1.46%,-1.37%,1.51%,0.73%,2.06%
0.72%,0.12%,4.91%,-0.93%,-0.92%,-0.50%,0.80%,0.19%,-1.49%,-0.63%,-1.26%,3.50%,0.35%,-0.68%,4.98%,-0.67%,-1.44%,0.80%,-0.62%,-0.92%,-0.45%,-2.59%,-0.46%,-0.91%,-1.16%,-0.62%,0.61%,-0.07%,0.60%,-0.83%,-3.16%,-0.94%,0.24%,-0.65%,1.04%,0.61%,-2.39%,1.34%,0.78%,1.24%,8.08%,0.67%,-0.06%,1.49%,-0.27%,0.73%,1.00%,1.26%,-0.21%,-0.23%